,rd_dens,ag_dens,ivs_dens,av_veg_dep,Shape_Leng,Shape_Area,geometry,indx
0,1.37592212677,0.396404792296,57.8354591959,64.6229508197,12011.9985681,4540812.91393,"POLYGON ((716973.1052999999 3676678.557800001, 716932.8186999997 3676717.845699999, 716656.8563999999 3677043.2675, 716662.3644000003 3676808.8484, 716579.6200999999 3676721.855900001, 716589.6277999999 3676297.0922, 716506.9392999997 3676210.0977, 716512.8696999997 3675955.3522, 716430.1996999998 3675868.0787, 716452.1207999997 3674933.813999999, 715943.9413999999 3674921.317500001, 715857.2597000003 3675004.312899999, 715772.4979999997 3675002.079, 715599.1255999999 3675167.8188, 715597.1153999995 3675252.855900001, 715510.4321999997 3675335.8226, 715502.4331 3675675.5791, 715415.7428000001 3675758.350500001, 715413.7581000002 3675843.330600001, 715496.4458999997 3675930.353499999, 715490.5137999998 3676185.125299999, 715573.2000000002 3676272.092499999, 715567.1845000004 3676526.8664, 715649.9540999997 3676613.830600001, 715645.9585999995 3676783.845699999, 715728.6470999997 3676870.868100001, 715724.5950999996 3677040.857000001, 715807.3662 3677127.8487, 715795.3885000004 3677637.3621, 715878.0767000001 3677724.3563, 715876.148 3677809.3607, 715789.3986 3677892.1039, 715785.4577000001 3678062.1151, 715698.7079999996 3678144.857799999, 715696.6957 3678229.864600001, 715263.2405000003 3678644.1206, 715261.2554000001 3678729.125700001, 715174.5407999996 3678812.116, 715171.9842999997 3678921.317500001, 716973.1052999999 3678921.317500001, 716973.1052999999 3676678.557800001))",0
1,1.04108636217,0.0,85.8948909735,63.1334773624,12220.8886571,9748658.97738,"POLYGON ((716973.1052999999 3676678.557800001, 716973.1052999999 3678921.317500001, 720007.6715000002 3678921.317500001, 719992.7523999996 3678681.952299999, 720024.0436000004 3678233.9276, 720013.8514999999 3677786.368000001, 719969.7505000001 3677339.0156, 719934.6124 3676891.411699999, 719920.4282999998 3676442.5075, 719984.9926000005 3675556.0769, 719583.1074999999 3675334.8662, 719140.5285999998 3675273.3522, 718685.3219999997 3675337.524, 718256.767 3675489.0384, 717934.7183999997 3675803.383300001, 717599.3069000002 3676107.857899999, 717256.307 3676402.376800001, 716973.1052999999 3676678.557800001))",1
2,2.29819816678,11.1880015946,75.2591319865,74.2667483275,14366.5852204,10216301.7259,"POLYGON ((716973.1052999999 3678921.317500001, 715171.9842999997 3678921.317500001, 715168.5766000003 3679066.8806, 715081.8806999996 3679149.619200001, 715061.9226000002 3679999.109099999, 714975.1710000001 3680081.8761, 714969.2602000004 3680336.635, 714795.8179000001 3680502.360200001, 714793.8039999995 3680587.364399999, 714707.1155000003 3680670.3784, 714705.1205000002 3680755.1313, 714531.7611999996 3680920.8796, 714529.7478 3681005.9111, 714356.3590000002 3681171.6313, 714354.3721000003 3681256.6339, 714180.9480999997 3681422.159399999, 714179.0155999996 3681507.1318, 714092.2423999999 3681590.146600001, 714090.3021 3681674.896500001, 713743.4939000001 3682006.386700001, 713741.4784000004 3682091.389, 713568.1436000001 3682257.1579, 713566.1267999997 3682342.132200001, 713479.4271 3682424.892000001, 713477.4390000002 3682509.892999999, 713390.7111999998 3682592.6534, 713388.7506999997 3682677.6533, 713301.9949000003 3682760.4143, 713300.0619999999 3682845.413000001, 713220.7377000004 3682921.317500001, 716973.1052999999 3682921.317500001, 716973.1052999999 3678921.317500001))",2
3,1.08092011969,0.0,40.6066200901,68.613582294,14801.21082,12766391.2645,"POLYGON ((720007.6715000002 3678921.317500001, 716973.1052999999 3678921.317500001, 716973.1052999999 3682921.317500001, 720640.7043000003 3682921.317500001, 720531.8366 3682645.406099999, 720365.2435999997 3682227.672700001, 720188.8333000001 3681812.024900001, 720102.7632999998 3681374.4375, 720075.8153999997 3680924.9033, 720063.1683999998 3680476.076300001, 720047.3613999998 3680027.4663, 720036.5208000001 3679578.7129, 720020.6843999997 3679130.0998, 720007.6715000002 3678921.317500001))",3
4,1.51213512208,17.9477136842,81.4865218033,88.7675996607,10176.9777065,4613400.9856,"POLYGON ((712973.1052999999 3683490.067299999, 712858.5806 3683599.399499999, 712856.5636999998 3683684.399900001, 712769.8705000002 3683767.407199999, 712767.8726000004 3683852.156500001, 712681.2067999998 3683935.1624, 712679.1896000002 3684020.1625, 712505.8395999996 3684185.645500001, 712503.8230999997 3684270.6732, 712330.4252000004 3684436.407, 712328.4621000001 3684521.376800001, 712241.6758000003 3684604.1349, 712157 3684602.1686, 711896.9254000001 3684850.653999999, 711812.193 3684848.6613, 711638.7932000002 3685014.3917, 711554.1173 3685012.4246, 711467.4411000004 3685095.177200001, 711465.4501 3685180.174900001, 711118.6401000004 3685511.4087, 711116.6209000004 3685596.4067, 711029.9244999997 3685679.409, 711027.9522000002 3685764.1548, 710941.2555 3685847.1569, 710937.2643999998 3686016.9279, 710850.5674000001 3686099.929300001, 710848.5477999998 3686184.9267, 710761.8696999997 3686267.6768, 710746.5493999999 3686921.317500001, 712973.1052999999 3686921.317500001, 712973.1052999999 3683490.067299999))",4
5,2.68209668261,2.78122415785,85.1325931243,83.6948453608,15854.8918947,15921046.8078,"POLYGON ((716973.1052999999 3682921.317500001, 713220.7377000004 3682921.317500001, 713213.3413000004 3682928.395, 713211.3720000004 3683013.144400001, 713124.6242000004 3683096.1548, 713120.6660000002 3683265.904100001, 713033.9456000002 3683348.9131, 713031.9556999998 3683433.885199999, 712973.1052999999 3683490.067299999, 712973.1052999999 3686921.317500001, 716973.1052999999 3686921.317500001, 716973.1052999999 3682921.317500001))",5
6,1.20017833619,0.357475805946,39.1634605181,71.6711790905,15731.9332661,15861213.2785,"POLYGON ((720973.1052999999 3683748.1724, 720862.9183 3683481.831, 720696.9249 3683063.8015, 720640.7043000003 3682921.317500001, 716973.1052999999 3682921.317500001, 716973.1052999999 3686921.317500001, 720973.1052999999 3686921.317500001, 720973.1052999999 3683748.1724))",6
7,1.12003021437,0.0,27.1859956324,65.0994061451,9731.90952932,3485985.99373,"POLYGON ((720973.1052999999 3683748.1724, 720973.1052999999 3686921.317500001, 723458.8048 3686921.317500001, 723258.8158999998 3686696.443299999, 722972.8504999997 3686347.0221, 722675.9995999997 3686006.678300001, 722360.8285999997 3685683.0931, 722024.2899000002 3685380.5986, 721691.3524000002 3685071.999500001, 721433.6831999999 3684706.392899999, 721228.7357000001 3684303.770300001, 721034.8886000002 3683897.513599999, 720973.1052999999 3683748.1724))",7
8,2.28382998858,11.2510737957,90.7902439134,88.0884978322,11820.7624916,7599274.66059,"POLYGON ((712973.1052999999 3686921.317500001, 710746.5493999999 3686921.317500001, 710741.9590999996 3687117.1625, 710655.2531000003 3687199.9399, 710651.2670999998 3687369.902799999, 710733.9539000001 3687456.922599999, 710722.0104999999 3687966.446900001, 710804.6957999999 3688053.410800001, 710794.6963999998 3688478.1621, 710877.4392999997 3688565.179400001, 710873.4544000002 3688735.195699999, 710956.1402000003 3688822.1592, 710950.2092000004 3689076.917099999, 711032.9249999998 3689163.935000001, 711028.9027000004 3689333.6734, 711111.5983999996 3689420.9145, 711109.5969000002 3689505.658, 711192.3406999996 3689592.674799999, 711190.3476 3689677.668299999, 711355.7516999999 3689851.6765, 711351.7378000002 3690021.6642, 711517.1694 3690195.643300001, 711515.1486 3690280.637399999, 711680.5826000003 3690454.671700001, 711678.6173999999 3690539.663799999, 711843.9670000002 3690713.645, 711842.0498000002 3690798.412799999, 711958.7894000001 3690921.317500001, 712973.1052999999 3690921.317500001, 712973.1052999999 3686921.317500001))",8
9,2.70926468347,2.998125,86.821875,86.0690272885,16000.0,16000000.0,"POLYGON ((716973.1052999999 3686921.317500001, 712973.1052999999 3686921.317500001, 712973.1052999999 3690921.317500001, 716973.1052999999 3690921.317500001, 716973.1052999999 3686921.317500001))",9
10,1.6687988553,0.2475,44.803125,76.6706934603,16000.0,16000000.0,"POLYGON ((720973.1052999999 3686921.317500001, 716973.1052999999 3686921.317500001, 716973.1052999999 3690921.317500001, 720973.1052999999 3690921.317500001, 720973.1052999999 3686921.317500001))",10
11,0.598707087022,0.0,65.1577937919,72.3657660148,14593.418739,13061215.7115,"POLYGON ((723458.8048 3686921.317500001, 720973.1052999999 3686921.317500001, 720973.1052999999 3690921.317500001, 724817.6268999996 3690921.317500001, 724799.0181999998 3690856.5931, 724678.8389999997 3690423.644400001, 724562.6524999999 3689989.6404, 724413.2665999997 3689565.4169, 724281.6639 3689135.5513, 724190.4358999999 3688696.130999999, 724143.1441000002 3688248.9816, 723960.0023999996 3687840.201199999, 723769.4566000002 3687430.1415, 723559.7143000001 3687034.783500001, 723458.8048 3686921.317500001))",11
12,3.78850583658,49.7880383521,62.8668023981,80.4366758663,12026.7200548,4665578.47403,"POLYGON ((712973.1052999999 3690921.317500001, 711958.7894000001 3690921.317500001, 712172.8444999997 3691146.677100001, 712170.8709000004 3691231.4187, 712253.5698999995 3691318.6863, 712251.5685999999 3691403.4287, 712417.0036000004 3691577.405999999, 712404.9840000002 3692087.1666, 712318.2983999997 3692169.883300001, 712314.3139000004 3692339.922499999, 712140.9242000002 3692505.6614, 712138.9308000002 3692590.652799999, 712052.2461999999 3692673.4242, 712050.2527000001 3692758.4154, 711963.5669999998 3692841.158600001, 711961.5455 3692926.150599999, 711788.1826999998 3693091.913899999, 711786.1887999997 3693176.9046, 711699.5311000003 3693259.673800001, 711695.5076000001 3693429.4334, 711522.1425000001 3693595.1669, 711520.1202999996 3693680.1581, 711433.4417000003 3693763.1494, 711431.4404999996 3693847.9449, 711344.7607000005 3693930.9081, 711342.767 3694015.9257, 711255.9961000001 3694098.6691, 711252.0267000003 3694268.4252, 711078.6323999995 3694434.183900001, 711076.6371999998 3694519.1732, 710903.2411000002 3694684.903100001, 710901.2467 3694769.9198, 710814.5590000004 3694852.6866, 710812.9698999999 3694921.317500001, 712973.1052999999 3694921.317500001, 712973.1052999999 3690921.317500001))",12
13,2.58484225978,17.58375,80.04375,85.8875607513,16000.0,16000000.0,"POLYGON ((716973.1052999999 3690921.317500001, 712973.1052999999 3690921.317500001, 712973.1052999999 3694921.317500001, 716973.1052999999 3694921.317500001, 716973.1052999999 3690921.317500001))",13
14,0.695767632732,0.0225,49.69125,69.753044963,16000.0,16000000.0,"POLYGON ((720973.1052999999 3690921.317500001, 716973.1052999999 3690921.317500001, 716973.1052999999 3694921.317500001, 720973.1052999999 3694921.317500001, 720973.1052999999 3690921.317500001))",14
15,0.942688307088,0.0,45.9302561748,65.3861297036,15866.6673841,15958108.2503,"POLYGON ((724973.1052999999 3691456.159299999, 724923.1902000001 3691288.486300001, 724817.6268999996 3690921.317500001, 720973.1052999999 3690921.317500001, 720973.1052999999 3694921.317500001, 724973.1052999999 3694921.317500001, 724973.1052999999 3691456.159299999))",15
16,0.0629783124689,0.0,76.828426416,73.4480300188,8597.57720043,2351082.90546,"POLYGON ((724973.1052999999 3691456.159299999, 724973.1052999999 3694921.317500001, 726366.4850000003 3694921.317500001, 726250.2818 3694627.574999999, 726096.7707000002 3694204.785599999, 725929.4195999997 3693787.5845, 725734.2868999997 3693381.843, 725542.7739000004 3692974.6697, 725360.2040999997 3692563.296399999, 725194.4153000005 3692145.3698, 725051.4057999998 3691719.183499999, 724973.1052999999 3691456.159299999))",16
17,1.52145798679,64.7005303548,49.2280682854,77.3641210017,14485.770355,13128485.8925,"POLYGON ((712973.1052999999 3694921.317500001, 710812.9698999999 3694921.317500001, 710812.5911999997 3694937.6745, 710639.1939000003 3695103.4026, 710637.199 3695188.4188, 710377.0568000004 3695436.9131, 710375.0615999997 3695521.929, 709594.8302999996 3696267.67, 709592.8246999998 3696352.4069, 709506.1161000002 3696435.4487, 709482.1814999999 3697454.6723, 709395.4897999996 3697537.433700001, 709385.4939000001 3697962.167400001, 709298.8101000004 3698045.178200001, 709278.2559000002 3698921.317500001, 712973.1052999999 3698921.317500001, 712973.1052999999 3694921.317500001))",17
18,2.46307505499,7.88625,73.49625,83.0165101975,16000.0,16000000.0,"POLYGON ((716973.1052999999 3694921.317500001, 712973.1052999999 3694921.317500001, 712973.1052999999 3698921.317500001, 716973.1052999999 3698921.317500001, 716973.1052999999 3694921.317500001))",18
19,2.07182296901,4.06125,48.560625,79.3353793273,16000.0,16000000.0,"POLYGON ((720973.1052999999 3694921.317500001, 716973.1052999999 3694921.317500001, 716973.1052999999 3698921.317500001, 720973.1052999999 3698921.317500001, 720973.1052999999 3694921.317500001))",19
20,0.34476802569,0.0,74.55375,73.7489400192,16000.0,16000000.0,"POLYGON ((724973.1052999999 3694921.317500001, 720973.1052999999 3694921.317500001, 720973.1052999999 3698921.317500001, 724973.1052999999 3698921.317500001, 724973.1052999999 3694921.317500001))",20
21,0.0,0.0,71.8701365919,65.9956363059,14379.2849594,11311652.3573,"POLYGON ((728973.1052999999 3698081.3605, 728661.7282999996 3697824.235200001, 728344.7166999998 3697501.9047, 728002.7133999998 3697205.320800001, 727675.3985000001 3696894.466499999, 727398.1151000001 3696538.2904, 727204.6357000005 3696129.912900001, 726913.4726 3695789.562999999, 726622.3629999999 3695447.457900001, 726415.7236000001 3695045.784499999, 726366.4850000003 3694921.317500001, 724973.1052999999 3694921.317500001, 724973.1052999999 3698921.317500001, 728973.1052999999 3698921.317500001, 728973.1052999999 3698081.3605))",21
22,0.0,0.0,35.4361208386,58.2979591837,3487.07455888,449541.304833,"POLYGON ((728973.1052999999 3698081.3605, 728973.1052999999 3698921.317500001, 730160.0685000001 3698921.317500001, 730115.1177000003 3698893.1557, 729713.6710000001 3698680.1052, 729355.5798000004 3698405.881200001, 729010.5022999998 3698112.241800001, 728973.1052999999 3698081.3605))",22
23,0.513687649894,0.0,0.0,60.1445783133,1290.25888896,75358.4992199,"POLYGON ((704973.1052999999 3702613.173900001, 704954.0012999997 3702612.6927, 704867.3109999998 3702695.7193, 704782.5667000003 3702693.7128, 704544.3645000001 3702921.317500001, 704973.1052999999 3702921.317500001, 704973.1052999999 3702613.173900001))",23
24,0.786373391968,0.372747996372,0.349451246599,73.2367240972,10996.1889986,3863199.84015,"POLYGON ((708973.1052999999 3700930.3265, 708890.2017999999 3701009.7094, 708720.7874999996 3701005.4518, 708634.0718 3701088.4586, 708549.4012000002 3701086.1753, 708462.7131000003 3701169.1808, 708378.0444 3701166.953, 708291.3005999997 3701249.960000001, 708206.6023000004 3701247.677300001, 707859.8587999996 3701579.194499999, 707775.0865000002 3701577.1919, 707515.0579000004 3701825.700999999, 707430.3399999999 3701823.668400001, 707343.6420999998 3701906.421399999, 707258.8985000001 3701904.4452, 707085.5384999998 3702070.1995, 707000.8492999999 3702068.193299999, 706827.4611 3702233.9474, 706658.0187999997 3702229.6862, 706571.3202 3702312.4377, 706486.6596999997 3702310.457800001, 706399.9609000003 3702393.209000001, 706145.8113000002 3702387.218499999, 706059.1677999999 3702469.9673, 705805.0091000004 3702463.698000001, 705718.3377 3702546.4472, 705210.0869000005 3702534.209799999, 705123.3872999996 3702616.959000001, 704973.1052999999 3702613.173900001, 704973.1052999999 3702921.317500001, 708973.1052999999 3702921.317500001, 708973.1052999999 3700930.3265))",24
25,2.40114263158,75.7977740556,33.6005426329,77.7705479452,15808.1537296,15682782.4406,"POLYGON ((712973.1052999999 3698921.317500001, 709278.2559000002 3698921.317500001, 709276.8926999997 3698979.4263, 709190.1990999999 3699062.1855, 709164.2801000001 3700166.4462, 709077.5933999997 3700249.4538, 709069.6178000001 3700589.191199999, 708982.9221000001 3700671.948100001, 708976.8893999998 3700926.7031, 708973.1052999999 3700930.3265, 708973.1052999999 3702921.317500001, 712973.1052999999 3702921.317500001, 712973.1052999999 3698921.317500001))",25
26,2.47296791879,59.6475,41.23125,81.8978442416,16000.0,16000000.0,"POLYGON ((716973.1052999999 3698921.317500001, 712973.1052999999 3698921.317500001, 712973.1052999999 3702921.317500001, 716973.1052999999 3702921.317500001, 716973.1052999999 3698921.317500001))",26
27,2.94904017754,24.0075,30.853125,82.1697542533,16000.0,16000000.0,"POLYGON ((720973.1052999999 3698921.317500001, 716973.1052999999 3698921.317500001, 716973.1052999999 3702921.317500001, 720973.1052999999 3702921.317500001, 720973.1052999999 3698921.317500001))",27
28,0.406890980974,0.028125,58.831875,75.957659345,16000.0,16000000.0,"POLYGON ((724973.1052999999 3698921.317500001, 720973.1052999999 3698921.317500001, 720973.1052999999 3702921.317500001, 724973.1052999999 3702921.317500001, 724973.1052999999 3698921.317500001))",28
29,0.567569888873,0.0,78.08625,72.4905173381,16000.0,16000000.0,"POLYGON ((728973.1052999999 3698921.317500001, 724973.1052999999 3698921.317500001, 724973.1052999999 3702921.317500001, 728973.1052999999 3702921.317500001, 728973.1052999999 3698921.317500001))",29
30,0.956683161684,0.0,72.588439332,70.6495817999,14797.5218267,13560423.7956,"POLYGON ((732973.1052999999 3700581.978, 732847.1611000001 3700499.441299999, 732443.3223999999 3700294.1845, 732033.6224999996 3700098.723300001, 731637.8241999997 3699877.2511, 731262.1892999997 3699623.518300001, 730882.2806000002 3699376.411800001, 730499.2768999999 3699133.832599999, 730160.0685000001 3698921.317500001, 728973.1052999999 3698921.317500001, 728973.1052999999 3702921.317500001, 732973.1052999999 3702921.317500001, 732973.1052999999 3700581.978))",30
31,0.724398930167,0.0,31.1810745593,77.0843547224,7551.6689848,3125934.60545,"POLYGON ((732973.1052999999 3700581.978, 732973.1052999999 3702921.317500001, 734970.1528000003 3702921.317500001, 734958.5394000001 3702718.3967, 734830.7703999998 3702292.244100001, 734582.8551000003 3701911.8817, 734320.7863999996 3701542.627, 733991.8121999996 3701237.239, 733613.3749000002 3700984.8588, 733226.5784 3700748.09, 732973.1052999999 3700581.978))",31
32,0.0,0.0,0.0,73.1002252252,5020.70051367,772170.599073,"MULTIPOLYGON (((704973.1052999999 3702921.317500001, 704544.3645000001 3702921.317500001, 704522.5027999999 3702942.206599999, 704520.4995999997 3703027.213300001, 704433.7992000002 3703109.960999999, 704417.8647999996 3703789.4516, 704500.5508000003 3703876.466600001, 704496.5707 3704046.4496, 704662.0264999997 3704220.4767, 704660.0221999995 3704305.454600001, 704742.7087000003 3704392.4694, 704740.7237 3704477.1962, 704823.4104000004 3704564.210899999, 704821.4901999999 3704649.213500001, 704904.1484000003 3704736.201300001, 704902.1448999997 3704821.206599999, 704973.1052999999 3704895.880799999, 704973.1052999999 3702921.317500001)), ((704973.1052999999 3705592.157099999, 704973.1052999999 3705408.261299999, 704968.8964999998 3705587.7294, 704973.1052999999 3705592.157099999)))",32
33,0.304167641256,0.139110903698,0.144907191352,65.2896089644,15599.5730968,15527179.7004,"POLYGON ((708973.1052999999 3702921.317500001, 704973.1052999999 3702921.317500001, 704973.1052999999 3704895.880799999, 704984.8320000004 3704908.2212, 704973.1052999999 3705408.261299999, 704973.1052999999 3705592.157099999, 705051.5829999996 3705674.715700001, 705047.6034000004 3705844.723999999, 705295.7205999997 3706105.7084, 705293.7167999996 3706190.7127, 705376.4873000002 3706277.696, 705374.4752000002 3706362.450200001, 705457.1442 3706449.7149, 705455.1589000002 3706534.440199999, 705537.8474000003 3706621.4539, 705535.9278999995 3706706.482899999, 705618.6146999998 3706793.4408, 705616.6119999997 3706878.4725, 705657.3402000004 3706921.317500001, 708973.1052999999 3706921.317500001, 708973.1052999999 3702921.317500001))",33
34,1.81649094376,80.870625,45.410625,82.6596129307,16000.0,16000000.0,"POLYGON ((712973.1052999999 3702921.317500001, 708973.1052999999 3702921.317500001, 708973.1052999999 3706921.317500001, 712973.1052999999 3706921.317500001, 712973.1052999999 3702921.317500001))",34
35,1.92420439434,91.434375,32.895,78.7963756178,16000.0,16000000.0,"POLYGON ((716973.1052999999 3702921.317500001, 712973.1052999999 3702921.317500001, 712973.1052999999 3706921.317500001, 716973.1052999999 3706921.317500001, 716973.1052999999 3702921.317500001))",35
36,1.97395255655,81.860625,29.835,80.4050953516,16000.0,16000000.0,"POLYGON ((720973.1052999999 3702921.317500001, 716973.1052999999 3702921.317500001, 716973.1052999999 3706921.317500001, 720973.1052999999 3706921.317500001, 720973.1052999999 3702921.317500001))",36
37,0.716986167571,6.733125,72.601875,68.7986193763,16000.0,16000000.0,"POLYGON ((724973.1052999999 3702921.317500001, 720973.1052999999 3702921.317500001, 720973.1052999999 3706921.317500001, 724973.1052999999 3706921.317500001, 724973.1052999999 3702921.317500001))",37
38,0.216371839713,0.0,99.2475,72.9880819782,16000.0,16000000.0,"POLYGON ((728973.1052999999 3702921.317500001, 724973.1052999999 3702921.317500001, 724973.1052999999 3706921.317500001, 728973.1052999999 3706921.317500001, 728973.1052999999 3702921.317500001))",38
39,0.230126238931,0.0,66.234375,75.5536415666,16000.0,16000000.0,"POLYGON ((732973.1052999999 3702921.317500001, 728973.1052999999 3702921.317500001, 728973.1052999999 3706921.317500001, 732973.1052999999 3706921.317500001, 732973.1052999999 3702921.317500001))",39
40,0.849373931145,0.0,43.2629388806,77.4387822634,12538.6674916,8115260.06056,"POLYGON ((734970.1528000003 3702921.317500001, 732973.1052999999 3702921.317500001, 732973.1052999999 3706921.317500001, 735414.9353 3706921.317500001, 735278.1524999999 3706700.644400001, 735086.2599999998 3706292.710200001, 734972.9911000002 3705860.6241, 734945.7896999996 3705410.8914, 734924.9369000001 3704962.3873, 734927.2823999999 3704513.8146, 734939.2631000001 3704065.078600001, 734949.1612 3703616.411499999, 734984.2658000002 3703167.913000001, 734970.1528000003 3702921.317500001))",40
41,1.18587134198,0.0,0.0,76.838017145,14204.6833847,12110690.7068,"POLYGON ((708973.1052999999 3706921.317500001, 705657.3402000004 3706921.317500001, 705699.2999 3706965.458000001, 705673.3883999996 3708069.691, 705756.1332 3708156.702099999, 705840.8269999996 3708158.711999999, 706006.2045999998 3708332.6818, 705996.2589999996 3708757.442500001, 705909.5614999998 3708840.4627, 705907.5766000003 3708925.2141, 705820.8779999996 3709008.2061, 705802.8755999999 3709772.7212, 706299.1553999996 3710294.705, 706297.1239999998 3710379.735099999, 706710.7171999998 3710814.7049, 706708.7137000002 3710899.7337, 706729.2395000001 3710921.317500001, 708973.1052999999 3710921.317500001, 708973.1052999999 3706921.317500001))",41
42,1.19585217408,72.39375,22.60125,76.4468312208,16000.0,16000000.0,"POLYGON ((712973.1052999999 3706921.317500001, 708973.1052999999 3706921.317500001, 708973.1052999999 3710921.317500001, 712973.1052999999 3710921.317500001, 712973.1052999999 3706921.317500001))",42
43,1.39916256086,91.8225,40.111875,77.1281202593,16000.0,16000000.0,"POLYGON ((716973.1052999999 3706921.317500001, 712973.1052999999 3706921.317500001, 712973.1052999999 3710921.317500001, 716973.1052999999 3710921.317500001, 716973.1052999999 3706921.317500001))",43
44,1.84195364392,88.875,31.9725,77.9485294118,16000.0,16000000.0,"POLYGON ((720973.1052999999 3706921.317500001, 716973.1052999999 3706921.317500001, 716973.1052999999 3710921.317500001, 720973.1052999999 3710921.317500001, 720973.1052999999 3706921.317500001))",44
45,1.93097121987,58.0275,32.31,77.8973539563,16000.0,16000000.0,"POLYGON ((724973.1052999999 3706921.317500001, 720973.1052999999 3706921.317500001, 720973.1052999999 3710921.317500001, 724973.1052999999 3710921.317500001, 724973.1052999999 3706921.317500001))",45
46,0.376998282689,0.736875,68.225625,73.3805068889,16000.0,16000000.0,"POLYGON ((728973.1052999999 3706921.317500001, 724973.1052999999 3706921.317500001, 724973.1052999999 3710921.317500001, 728973.1052999999 3710921.317500001, 728973.1052999999 3706921.317500001))",46
47,0.60624397788,0.0,48.920625,77.0230651818,16000.0,16000000.0,"POLYGON ((732973.1052999999 3706921.317500001, 728973.1052999999 3706921.317500001, 728973.1052999999 3710921.317500001, 732973.1052999999 3710921.317500001, 732973.1052999999 3706921.317500001))",47
48,0.708366264799,0.0,68.7392852674,75.2445756837,14863.6233254,14053972.139,"POLYGON ((736973.1052999999 3709667.6393, 736868.1986999996 3709415.7689, 736681.9786 3709004.894400001, 736505.2286999999 3708592.1943, 736260.3318999996 3708213.523499999, 736012.1708000004 3707836.882099999, 735763.1818000004 3707461.1862, 735515.9014999997 3707084.2072, 735414.9353 3706921.317500001, 732973.1052999999 3706921.317500001, 732973.1052999999 3710921.317500001, 736973.1052999999 3710921.317500001, 736973.1052999999 3709667.6393))",48
49,1.13546503575,0.0,100.0,74.6807511737,2819.32391628,179292.235494,"POLYGON ((736973.1052999999 3709667.6393, 736973.1052999999 3710921.317500001, 737250.5140000004 3710921.317500001, 737199.4846999999 3710712.646199999, 737101.5875000004 3710274.3192, 737040.0566999996 3709828.382999999, 736973.1052999999 3709667.6393))",49
50,0.563501029711,0.0,0.0,75.35640599,14734.2854597,10861708.7062,"POLYGON ((708973.1052999999 3710921.317500001, 706729.2395000001 3710921.317500001, 706874.1512000002 3711073.698899999, 706868.1573000001 3711328.4506, 706781.4293 3711411.469599999, 706779.4431999996 3711496.191500001, 706692.7426000005 3711579.2093, 706686.7477000002 3711833.9595, 706600.0734999999 3711916.947899999, 706590.0603999998 3712341.4746, 706503.3855999997 3712424.462400001, 706499.3657999998 3712594.183800001, 706412.6914999997 3712677.198799999, 706404.6901000002 3713016.972899999, 706318.0060000001 3713099.7095, 706313.9946999997 3713269.7074, 706227.3103 3713352.443700001, 706225.3054 3713437.4702, 705878.5559999999 3713768.941, 705876.5701000001 3713853.7162, 705703.1254000003 3714019.4663, 705699.1679999996 3714189.460200001, 705612.4266999997 3714272.1964, 705606.4813999999 3714526.9365, 705519.8044999996 3714609.948000001, 705517.7986000003 3714694.973200001, 705344.3517000005 3714860.7203, 705259.6722999997 3714858.4562, 705258.1906000003 3714921.317500001, 708973.1052999999 3714921.317500001, 708973.1052999999 3710921.317500001))",50
51,1.18768108613,48.915,21.40875,74.7510743802,16000.0,16000000.0,"POLYGON ((712973.1052999999 3710921.317500001, 708973.1052999999 3710921.317500001, 708973.1052999999 3714921.317500001, 712973.1052999999 3714921.317500001, 712973.1052999999 3710921.317500001))",51
52,1.09293741446,92.16,37.760625,78.0,16000.0,16000000.0,"POLYGON ((716973.1052999999 3710921.317500001, 712973.1052999999 3710921.317500001, 712973.1052999999 3714921.317500001, 716973.1052999999 3714921.317500001, 716973.1052999999 3710921.317500001))",52
53,2.32411722097,84.819375,26.35875,77.7226521648,16000.0,16000000.0,"POLYGON ((720973.1052999999 3710921.317500001, 716973.1052999999 3710921.317500001, 716973.1052999999 3714921.317500001, 720973.1052999999 3714921.317500001, 720973.1052999999 3710921.317500001))",53
54,1.30114515695,63.523125,29.649375,82.8427631579,16000.0,16000000.0,"POLYGON ((724973.1052999999 3710921.317500001, 720973.1052999999 3710921.317500001, 720973.1052999999 3714921.317500001, 724973.1052999999 3714921.317500001, 724973.1052999999 3710921.317500001))",54
55,1.36031734776,6.688125,27.455625,78.005156881,16000.0,16000000.0,"POLYGON ((728973.1052999999 3710921.317500001, 724973.1052999999 3710921.317500001, 724973.1052999999 3714921.317500001, 728973.1052999999 3714921.317500001, 728973.1052999999 3710921.317500001))",55
56,0.585776528896,0.19125,79.970625,74.3703535554,16000.0,16000000.0,"POLYGON ((732973.1052999999 3710921.317500001, 728973.1052999999 3710921.317500001, 728973.1052999999 3714921.317500001, 732973.1052999999 3714921.317500001, 732973.1052999999 3710921.317500001))",56
57,0.586811282554,0.0,42.3794541461,76.9375072063,15673.1639281,15674812.5568,"POLYGON ((736973.1052999999 3713594.849300001, 736973.1052999999 3710921.317500001, 732973.1052999999 3710921.317500001, 732973.1052999999 3714921.317500001, 736578.6698000003 3714921.317500001, 736612.6788999997 3714591.399800001, 736731.0643999996 3714158.612299999, 736902.5225999998 3713742.1523, 736973.1052999999 3713594.849300001))",57
58,0.547495052373,0.0,1.02865640327,77.9900497512,5717.92994061,874927.718463,"POLYGON ((737250.5140000004 3710921.317500001, 736973.1052999999 3710921.317500001, 736973.1052999999 3713594.849300001, 737096.9610000001 3713336.367799999, 737268.7424999997 3712919.724199999, 737380.9928000001 3712486.522399999, 737417.2368000001 3712038.491699999, 737390.7122 3711589.8409, 737306.2740000002 3711149.334100001, 737250.5140000004 3710921.317500001))",58
59,0.0,0.0,0.0,60.9087849209,6889.25737229,2658232.84532,"POLYGON ((704973.1052999999 3717401.1708, 704973.1052999999 3715713.6424, 704725.5363999996 3715950.239, 704302.0329999998 3715939.973200001, 704219.2867999999 3715852.9649, 704134.6079000002 3715850.7271, 703969.1714000003 3715676.7084, 703545.6448999997 3715666.4965, 703372.2969000004 3715831.9823, 703356.2636000002 3716511.497199999, 703269.6113999998 3716594.5023, 703267.5740999999 3716679.4979, 703180.8843999999 3716762.2259, 703172.9770999998 3717101.9767, 703255.6393999998 3717188.9878, 703340.3197999997 3717191.2545, 703423.0092000002 3717278.2367, 703592.4638 3717282.238399999, 703675.1544000003 3717369.248299999, 703929.2893000003 3717375.4882, 704011.9802999999 3717462.498, 704520.2240000004 3717474.976600001, 704606.9129999997 3717392.220000001, 704973.1052999999 3717401.1708))",59
60,0.212386762651,0.0,0.0,70.6174684727,16204.3792437,13446868.1213,"POLYGON ((708973.1052999999 3714921.317500001, 705258.1906000003 3714921.317500001, 705251.6635999996 3715198.220799999, 705164.9857999999 3715281.231000001, 705162.9967 3715365.948999999, 705076.2910000002 3715448.959799999, 705074.3120999997 3715533.983100001, 704987.6254000003 3715616.7426, 704985.5889999997 3715701.711999999, 704973.1052999999 3715713.6424, 704973.1052999999 3717401.1708, 705199.8032 3717406.7119, 705282.5514000002 3717493.7193, 705621.3628000002 3717501.998199999, 705704.0542000001 3717588.9518, 705958.1653000005 3717595.215600001, 706040.8590000002 3717682.2246, 706125.5411 3717684.4893, 706208.2895999998 3717771.468499999, 706377.6640999997 3717775.468900001, 706543.1073000003 3717949.456599999, 706627.8174999999 3717951.720000001, 706710.5120999999 3718038.728599999, 706795.1854999997 3718040.7151, 707043.2972999997 3718301.7117, 707037.3598999996 3718556.7215, 706777.2152000004 3718805.220899999, 706692.5411999999 3718803.233899999, 706605.8503999999 3718885.9637, 706521.1755999997 3718883.948899999, 706482.0794000002 3718921.317500001, 708973.1052999999 3718921.317500001, 708973.1052999999 3714921.317500001))",60
61,0.895399417413,15.17625,5.911875,77.5380587245,16000.0,16000000.0,"POLYGON ((712973.1052999999 3714921.317500001, 708973.1052999999 3714921.317500001, 708973.1052999999 3718921.317500001, 712973.1052999999 3718921.317500001, 712973.1052999999 3714921.317500001))",61
62,1.06218630434,92.5425,56.041875,77.9471902505,16000.0,16000000.0,"POLYGON ((716973.1052999999 3714921.317500001, 712973.1052999999 3714921.317500001, 712973.1052999999 3718921.317500001, 716973.1052999999 3718921.317500001, 716973.1052999999 3714921.317500001))",62
63,1.30392319527,90.14625,39.785625,78.0,16000.0,16000000.0,"POLYGON ((720973.1052999999 3714921.317500001, 716973.1052999999 3714921.317500001, 716973.1052999999 3718921.317500001, 720973.1052999999 3718921.317500001, 720973.1052999999 3714921.317500001))",63
64,1.32819783481,89.37,28.20375,77.7732888802,16000.0,16000000.0,"POLYGON ((724973.1052999999 3714921.317500001, 720973.1052999999 3714921.317500001, 720973.1052999999 3718921.317500001, 724973.1052999999 3718921.317500001, 724973.1052999999 3714921.317500001))",64
65,1.35964656994,61.453125,25.07625,77.1677952485,16000.0,16000000.0,"POLYGON ((728973.1052999999 3714921.317500001, 724973.1052999999 3714921.317500001, 724973.1052999999 3718921.317500001, 728973.1052999999 3718921.317500001, 728973.1052999999 3714921.317500001))",65
66,0.620191594221,0.759375,75.628125,72.6397778668,16000.0,16000000.0,"POLYGON ((732973.1052999999 3714921.317500001, 728973.1052999999 3714921.317500001, 728973.1052999999 3718921.317500001, 732973.1052999999 3718921.317500001, 732973.1052999999 3714921.317500001))",66
67,1.04237709306,0.0,44.3908547908,73.4862491333,15675.1901848,15524143.5032,"POLYGON ((736973.1052999999 3716620.793299999, 736826.5226999996 3716357.8224, 736689.9265999999 3715926.9791, 736604.4965000004 3715485.6338, 736566.7111999998 3715037.3269, 736578.6698000003 3714921.317500001, 732973.1052999999 3714921.317500001, 732973.1052999999 3718921.317500001, 736973.1052999999 3718921.317500001, 736973.1052999999 3716620.793299999))",67
68,1.75488413209,0.0,49.1222400102,74.8615879828,7012.83435539,2477085.73499,"POLYGON ((736973.1052999999 3716620.793299999, 736973.1052999999 3718921.317500001, 738717.8426999999 3718921.317500001, 738698.2202000003 3718813.116800001, 738551.5917999996 3718387.403999999, 738358.9574999996 3717979.3303, 738084.9818000002 3717622.0835, 737754.7600999996 3717313.1972, 737395.6112000002 3717035.471799999, 737043.4358000001 3716746.9671, 736973.1052999999 3716620.793299999))",68
69,1.66712581377,0.0,21.6095765395,77.1277661795,14636.7719247,6563756.57065,"POLYGON ((708973.1052999999 3718921.317500001, 706482.0794000002 3718921.317500001, 706174.3469000002 3719215.4516, 706172.3589000003 3719300.2223, 706085.6765999999 3719383.228599999, 706079.6717999997 3719637.986300001, 706327.7829 3719898.981799999, 706412.4574999996 3719900.9693, 706495.2443000004 3719988.2245, 706664.5948000001 3719992.2272, 706747.2903000005 3720079.234999999, 707086.0913000004 3720087.708900001, 707168.8706 3720174.7137, 707422.9343999997 3720180.9793, 707505.6864 3720267.9848, 707590.3618000001 3720269.9717, 707755.7832000004 3720443.985300001, 707840.4866000004 3720445.971100001, 708088.6135999998 3720707.2137, 708086.6265000002 3720791.984200001, 708169.3232000005 3720878.963400001, 708167.2889999999 3720963.9856, 708250.0701000001 3721050.989700001, 708242.0599999996 3721390.7119, 708155.3760000002 3721473.7182, 708070.6076999996 3721471.484099999, 708064.6689999998 3721726.4877, 707284.3761999998 3722472.2281, 707282.3591999998 3722556.969900001, 707108.9790000003 3722722.7269, 707106.9709999999 3722807.746200001, 707020.3042000001 3722890.498299999, 707019.5756999999 3722921.317500001, 708973.1052999999 3722921.317500001, 708973.1052999999 3718921.317500001))",69
70,2.44401759693,1.29375,28.906875,71.5831720866,16000.0,16000000.0,"POLYGON ((712973.1052999999 3718921.317500001, 708973.1052999999 3718921.317500001, 708973.1052999999 3722921.317500001, 712973.1052999999 3722921.317500001, 712973.1052999999 3718921.317500001))",70
71,2.40486950756,41.675625,43.14375,76.0437262357,16000.0,16000000.0,"POLYGON ((716973.1052999999 3718921.317500001, 712973.1052999999 3718921.317500001, 712973.1052999999 3722921.317500001, 716973.1052999999 3722921.317500001, 716973.1052999999 3718921.317500001))",71
72,2.72672706338,81.75375,42.24375,78.0,16000.0,16000000.0,"POLYGON ((720973.1052999999 3718921.317500001, 716973.1052999999 3718921.317500001, 716973.1052999999 3722921.317500001, 720973.1052999999 3722921.317500001, 720973.1052999999 3718921.317500001))",72
73,7.79306313193,40.606875,39.87,78.1215796897,16000.0,16000000.0,"POLYGON ((724973.1052999999 3718921.317500001, 720973.1052999999 3718921.317500001, 720973.1052999999 3722921.317500001, 724973.1052999999 3722921.317500001, 724973.1052999999 3718921.317500001))",73
74,2.99707187168,62.145,30.36375,73.8891898547,16000.0,16000000.0,"POLYGON ((728973.1052999999 3718921.317500001, 724973.1052999999 3718921.317500001, 724973.1052999999 3722921.317500001, 728973.1052999999 3722921.317500001, 728973.1052999999 3718921.317500001))",74
75,3.69318872168,2.593125,74.44125,74.5911949686,16000.0,16000000.0,"POLYGON ((732973.1052999999 3718921.317500001, 728973.1052999999 3718921.317500001, 728973.1052999999 3722921.317500001, 732973.1052999999 3722921.317500001, 732973.1052999999 3718921.317500001))",75
76,1.96118382369,0.0,96.89625,77.1789347354,16000.0,16000000.0,"POLYGON ((736973.1052999999 3718921.317500001, 732973.1052999999 3718921.317500001, 732973.1052999999 3722921.317500001, 736973.1052999999 3722921.317500001, 736973.1052999999 3718921.317500001))",76
77,1.26356910847,0.0,99.3270609288,77.0731971316,10923.2830623,6626290.90044,"POLYGON ((738717.8426999999 3718921.317500001, 736973.1052999999 3718921.317500001, 736973.1052999999 3722921.317500001, 737937.4023000002 3722921.317500001, 738082.9446 3722680.281300001, 738312.8172000004 3722292.469599999, 738540.4537000004 3721904.3412, 738722.6791000003 3721491.663899999, 738775.1583000002 3721049.015000001, 738797.9890999999 3720599.1664, 738817.8800999997 3720151.1679, 738800.7070000004 3719702.6469, 738778.0602000002 3719253.364499999, 738717.8426999999 3718921.317500001))",77
78,0.0,0.0,0.0,73.0567721006,4852.14040584,1114367.16094,"POLYGON ((704973.1052999999 3725843.6, 704742.1935000001 3726064.248600001, 704572.7434999999 3726059.990499999, 704486.0801999997 3726142.985400001, 704147.273 3726134.742699999, 704060.5744000003 3726217.515699999, 703975.8947999999 3726215.4957, 703889.1951000001 3726298.240700001, 703804.5165999997 3726296.248299999, 703457.6783999996 3726627.7552, 703455.6854999997 3726712.5186, 703368.9924999997 3726795.4845, 703366.0277000004 3726921.317500001, 704973.1052999999 3726921.317500001, 704973.1052999999 3725843.6))",78
79,0.352802798322,0.0,0.0,67.2890202949,15137.9896039,12374304.0285,"POLYGON ((708973.1052999999 3722921.317500001, 707019.5756999999 3722921.317500001, 707018.2951999996 3722975.489700001, 706931.5810000002 3723058.4934, 706923.6200000001 3723398.2325, 707006.2884999998 3723485.2119, 706998.3835000005 3723824.9757, 706911.6876999997 3723907.727399999, 706826.9254999999 3723905.713500001, 706653.5140000004 3724071.467, 706568.8553999998 3724069.2269, 706222.0031000003 3724400.731799999, 706220.0204999996 3724485.7205, 706133.3236999996 3724568.4704, 706131.3420000002 3724653.4868, 706044.6531999996 3724736.486300001, 706042.6621000003 3724821.2248, 705955.9731000001 3724904.224099999, 705871.2586000003 3724901.9848, 705784.5972999996 3724984.982799999, 705615.148 3724980.7272, 705268.4009999996 3725312.2191, 705264.4069999997 3725482.2228, 705177.7094999999 3725564.9981, 705175.7257000003 3725649.985400001, 704973.1052999999 3725843.6, 704973.1052999999 3726921.317500001, 708973.1052999999 3726921.317500001, 708973.1052999999 3722921.317500001))",79
80,1.37929932001,0.0,0.2025,71.1577693311,16000.0,16000000.0,"POLYGON ((712973.1052999999 3722921.317500001, 708973.1052999999 3722921.317500001, 708973.1052999999 3726921.317500001, 712973.1052999999 3726921.317500001, 712973.1052999999 3722921.317500001))",80
81,1.91501365619,9.691875,4.93875,74.5346987348,16000.0,16000000.0,"POLYGON ((716973.1052999999 3722921.317500001, 712973.1052999999 3722921.317500001, 712973.1052999999 3726921.317500001, 716973.1052999999 3726921.317500001, 716973.1052999999 3722921.317500001))",81
82,1.2560622049,68.214375,26.476875,76.7534863763,16000.0,16000000.0,"POLYGON ((720973.1052999999 3722921.317500001, 716973.1052999999 3722921.317500001, 716973.1052999999 3726921.317500001, 720973.1052999999 3726921.317500001, 720973.1052999999 3722921.317500001))",82
83,2.1814483101,84.099375,36.579375,78.8619335347,16000.0,16000000.0,"POLYGON ((724973.1052999999 3722921.317500001, 720973.1052999999 3722921.317500001, 720973.1052999999 3726921.317500001, 724973.1052999999 3726921.317500001, 724973.1052999999 3722921.317500001))",83
84,1.15128913282,89.229375,31.15125,80.4158382477,16000.0,16000000.0,"POLYGON ((728973.1052999999 3722921.317500001, 724973.1052999999 3722921.317500001, 724973.1052999999 3726921.317500001, 728973.1052999999 3726921.317500001, 728973.1052999999 3722921.317500001))",84
85,1.4971486837,16.6725,54.5175,76.5876527602,16000.0,16000000.0,"POLYGON ((732973.1052999999 3722921.317500001, 728973.1052999999 3722921.317500001, 728973.1052999999 3726921.317500001, 732973.1052999999 3726921.317500001, 732973.1052999999 3722921.317500001))",85
86,0.533343980467,0.0,94.3166712921,75.9555538258,14496.8244686,11778087.4238,"POLYGON ((736973.1052999999 3724044.687000001, 736973.1052999999 3722921.317500001, 732973.1052999999 3722921.317500001, 732973.1052999999 3726921.317500001, 734486.551 3726921.317500001, 734558.7505000001 3726725.0404, 734746.2801000001 3726315.506999999, 734979.9892999995 3725932.021299999, 735270.3098999998 3725585.548599999, 735586.2240000004 3725262.873500001, 735916.4484000001 3724954.1439, 736261.0834999997 3724661.4981, 736619.7253 3724385.3112, 736946.7838000003 3724073.5088, 736973.1052999999 3724044.687000001))",86
87,4.42335987758,0.0,95.6813371535,77.0647985989,3570.83273465,562492.139022,"POLYGON ((737937.4023000002 3722921.317500001, 736973.1052999999 3722921.317500001, 736973.1052999999 3724044.687000001, 737251.1041999999 3723740.280999999, 737547.0727000004 3723399.295600001, 737850.7629000004 3723064.803200001, 737937.4023000002 3722921.317500001))",87
88,0.0,0.0,0.481490415542,71.3889645777,15688.8733868,9159060.81959,"POLYGON ((704973.1052999999 3726921.317500001, 703366.0277000004 3726921.317500001, 703360.9874999998 3727135.2336, 703443.7381999996 3727222.265699999, 703441.7523999996 3727307.2509, 703524.4190999996 3727394.2579, 703522.4535999997 3727479.0198, 703605.1204000004 3727566.026799999, 703689.8638000004 3727568.267899999, 703772.5576999998 3727655.245999999, 703766.5652999999 3727909.979499999, 703593.1995999999 3728075.769200001, 703591.1858000001 3728160.754699999, 703504.5114000002 3728243.4958, 703419.7482000003 3728241.505100001, 703333.0459000003 3728324.2469, 703248.3669999996 3728322.280999999, 703161.6922000004 3728405.021500001, 702992.2483000001 3728401.0088, 702905.5455999998 3728483.7498, 702820.8657 3728481.755799999, 702734.1639 3728564.5242, 702732.1770000001 3728649.508099999, 702645.4824000001 3728732.498500001, 702639.4869999997 3728987.2556, 702722.2367000002 3729074.259500001, 702720.2494999999 3729159.242799999, 702802.9437999995 3729246.248400001, 702794.9341000002 3729586.0164, 702621.5629000003 3729751.7717, 702452.1089000003 3729747.506999999, 702365.4323000005 3729830.2448, 702196.0440999996 3729826.283399999, 702109.3395999996 3729909.0217, 702024.6025 3729907.000399999, 701937.9254999999 3729989.737500001, 701853.2457999997 3729987.7698, 701766.5493000001 3730070.7575, 701681.8324999996 3730068.512800001, 701595.1645999998 3730151.526900001, 701510.4192000004 3730149.2553, 701337.0466999998 3730315.0338, 701331.0454000002 3730569.7577, 701244.3488999996 3730652.771600001, 701242.3323999997 3730737.7541, 701050.1726000002 3730921.317500001, 704973.1052999999 3730921.317500001, 704973.1052999999 3726921.317500001))",88
89,0.452278729339,0.0,0.0,72.8880035911,16000.0,16000000.0,"POLYGON ((708973.1052999999 3726921.317500001, 704973.1052999999 3726921.317500001, 704973.1052999999 3730921.317500001, 708973.1052999999 3730921.317500001, 708973.1052999999 3726921.317500001))",89
90,0.552049112633,0.0,0.0,77.9741330939,16000.0,16000000.0,"POLYGON ((712973.1052999999 3726921.317500001, 708973.1052999999 3726921.317500001, 708973.1052999999 3730921.317500001, 712973.1052999999 3730921.317500001, 712973.1052999999 3726921.317500001))",90
91,1.45619209698,0.084375,1.3275,66.7658298778,16000.0,16000000.0,"POLYGON ((716973.1052999999 3726921.317500001, 712973.1052999999 3726921.317500001, 712973.1052999999 3730921.317500001, 716973.1052999999 3730921.317500001, 716973.1052999999 3726921.317500001))",91
92,2.10874966699,27.61875,19.636875,68.1269866124,16000.0,16000000.0,"POLYGON ((720973.1052999999 3726921.317500001, 716973.1052999999 3726921.317500001, 716973.1052999999 3730921.317500001, 720973.1052999999 3730921.317500001, 720973.1052999999 3726921.317500001))",92
93,1.8984247612,82.681875,28.2375,78.5504162812,16000.0,16000000.0,"POLYGON ((724973.1052999999 3726921.317500001, 720973.1052999999 3726921.317500001, 720973.1052999999 3730921.317500001, 724973.1052999999 3730921.317500001, 724973.1052999999 3726921.317500001))",93
94,1.3029729776,83.77875,35.814375,85.2158828065,16000.0,16000000.0,"POLYGON ((728973.1052999999 3726921.317500001, 724973.1052999999 3726921.317500001, 724973.1052999999 3730921.317500001, 728973.1052999999 3730921.317500001, 728973.1052999999 3726921.317500001))",94
95,1.07157874781,36.61875,47.6775,78.0626111704,16000.0,16000000.0,"POLYGON ((732973.1052999999 3726921.317500001, 728973.1052999999 3726921.317500001, 728973.1052999999 3730921.317500001, 732973.1052999999 3730921.317500001, 732973.1052999999 3726921.317500001))",95
96,1.23383179813,0.030932514681,83.5177896386,79.6084943318,11305.216098,5819119.52056,"POLYGON ((734486.551 3726921.317500001, 732973.1052999999 3726921.317500001, 732973.1052999999 3730921.317500001, 734701.1036 3730921.317500001, 734649.1507999999 3730693.499299999, 734538.7577999998 3730257.7303, 734480.0857999995 3729813.700200001, 734435.3285999997 3729366.944599999, 734374.5221999995 3728922.2885, 734352.3671000004 3728474.1241, 734293.6479000002 3728027.113500001, 734289.1606000001 3727583.6865, 734403.5690000001 3727146.907199999, 734486.551 3726921.317500001))",96
97,0.0,0.0,0.931698019884,70.2021410579,11000.3045717,2897934.67666,"POLYGON ((700973.1052999999 3730994.937100001, 700895.5734999999 3731069.000499999, 700893.5850999998 3731154.009199999, 700806.8323999997 3731237.0239, 700804.9188000001 3731321.7797, 700631.4588000001 3731487.5286, 700629.4692000002 3731572.509099999, 700456.0926999999 3731738.282, 700452.0777000003 3731908.0211, 700365.4062999999 3731991.003799999, 700353.4812000003 3732500.5208, 700436.1460999995 3732587.526900001, 700432.1397000002 3732757.542400001, 700680.2732999995 3733018.5274, 700670.2619000003 3733443.2864, 700410.1993000004 3733691.785499999, 700156.0860000001 3733685.514799999, 700069.3855999997 3733768.523700001, 699899.9552999996 3733764.250700001, 699553.1906000003 3734095.781400001, 699551.1991999997 3734180.759400001, 699464.5181999998 3734263.5437, 699460.5358999996 3734433.527100001, 699373.8250000002 3734516.2564, 699371.8350999998 3734601.2895, 699285.1525999997 3734684.045299999, 699283.1607999997 3734769.0228, 699123.807 3734921.317500001, 700973.1052999999 3734921.317500001, 700973.1052999999 3730994.937100001))",97
98,0.0,0.0,0.0,64.6439755317,15955.8927145,15997163.1681,"POLYGON ((704973.1052999999 3730921.317500001, 701050.1726000002 3730921.317500001, 700973.1052999999 3730994.937100001, 700973.1052999999 3734921.317500001, 704973.1052999999 3734921.317500001, 704973.1052999999 3730921.317500001))",98
99,0.407911353932,0.0,0.0,73.9103962915,16000.0,16000000.0,"POLYGON ((708973.1052999999 3730921.317500001, 704973.1052999999 3730921.317500001, 704973.1052999999 3734921.317500001, 708973.1052999999 3734921.317500001, 708973.1052999999 3730921.317500001))",99
100,0.0770758591043,0.0,0.0,41.5956243993,16000.0,16000000.0,"POLYGON ((712973.1052999999 3730921.317500001, 708973.1052999999 3730921.317500001, 708973.1052999999 3734921.317500001, 712973.1052999999 3734921.317500001, 712973.1052999999 3730921.317500001))",100
101,0.246498668898,0.0,0.118125,34.3822452543,16000.0,16000000.0,"POLYGON ((716973.1052999999 3730921.317500001, 712973.1052999999 3730921.317500001, 712973.1052999999 3734921.317500001, 716973.1052999999 3734921.317500001, 716973.1052999999 3730921.317500001))",101
102,1.07051877337,4.066875,1.265625,65.5754563528,16000.0,16000000.0,"POLYGON ((720973.1052999999 3730921.317500001, 716973.1052999999 3730921.317500001, 716973.1052999999 3734921.317500001, 720973.1052999999 3734921.317500001, 720973.1052999999 3730921.317500001))",102
103,0.224943782658,3.77010314172,8.46748084257,54.010865539,15320.0249536,14752912.0316,"POLYGON ((724973.1052999999 3733614.4967, 724973.1052999999 3730921.317500001, 720973.1052999999 3730921.317500001, 720973.1052999999 3734921.317500001, 723275.5341999996 3734921.317500001, 723350.6763000004 3734849.414999999, 723435.4082000004 3734851.7004, 723955.5743000004 3734354.3935, 723957.5747999996 3734269.403000001, 724130.9446999999 3734103.660499999, 724132.9524999997 3734018.891899999, 724219.6195999999 3733935.909600001, 724304.3225999996 3733938.167099999, 724391.0162000004 3733855.1557, 724475.7664000001 3733857.1611, 724562.4693 3733774.427200001, 724647.1352000004 3733776.407500001, 724733.8380000005 3733693.6733, 724818.5038999999 3733695.6534, 724905.2611999996 3733612.8892, 724973.1052999999 3733614.4967))",103
104,1.42552229362,55.3687675302,59.3388588517,63.8416543575,14242.8822814,9317166.03081,"POLYGON ((728973.1052999999 3730921.317500001, 724973.1052999999 3730921.317500001, 724973.1052999999 3733614.4967, 725074.6505000005 3733616.902799999, 725508.1419000002 3733202.6423, 725931.6591999996 3733213.1436, 726018.3514999999 3733130.1292, 726187.7774 3733134.389599999, 726447.8444999997 3732885.901000001, 726871.3543999996 3732896.1478, 726954.1072000004 3732983.143999999, 727123.4504000004 3732987.4056, 727206.1482999995 3733074.4036, 727460.2696000002 3733080.638900001, 727542.9687999999 3733167.6644, 727627.7188999997 3733169.6393, 727710.4173999997 3733256.637, 727795.0937000001 3733258.8924, 727877.7923999997 3733345.8901, 728047.2396999998 3733349.8968, 728129.9378000004 3733436.866599999, 728299.3393000001 3733441.1527, 728382.0377000002 3733528.122300001, 728551.4108999996 3733532.3813, 728634.1671000002 3733619.4046, 728718.8348000003 3733621.3816, 728801.5346999997 3733708.378900001, 728886.3146000002 3733710.380000001, 728968.9676999999 3733797.629000001, 728973.1052999999 3733797.7269, 728973.1052999999 3730921.317500001))",104
105,1.49030514008,30.7971082978,35.9279983314,74.7420049996,15557.02896,15295591.8927,"POLYGON ((732973.1052999999 3730921.317500001, 728973.1052999999 3730921.317500001, 728973.1052999999 3733797.7269, 729053.6644000001 3733799.6327, 729136.3647999996 3733886.629899999, 729221.0894999998 3733888.6326, 729800.0617000004 3734497.8869, 729796.0609999998 3734667.623400001, 729878.7358999997 3734754.648700001, 729874.8574999999 3734921.317500001, 732973.1052999999 3734921.317500001, 732973.1052999999 3730921.317500001))",105
106,1.07792052142,5.63450384249,73.2399998707,79.874766878,14287.0333886,10526215.2015,"POLYGON ((734701.1036 3730921.317500001, 732973.1052999999 3730921.317500001, 732973.1052999999 3734921.317500001, 736915.9910000004 3734921.317500001, 736696.6935000001 3734651.4208, 736406.8194000004 3734305.001, 736134.9549000002 3733945.3452, 735899.4249 3733561.209799999, 735648.9605 3733185.810900001, 735420.7449000003 3732798.4507, 735230.8184000002 3732390.187200001, 735059.8650000002 3731974.216499999, 734889.0897000004 3731557.738299999, 734749.0944999997 3731131.762399999, 734701.1036 3730921.317500001))",106
107,0.0,0.0,0.146561521483,72.0400062146,14614.7709722,11667455.2959,"POLYGON ((700973.1052999999 3734921.317500001, 699123.807 3734921.317500001, 698676.2648999998 3735349.0341, 698662.2490999997 3735943.5374, 698575.5733000003 3736026.5407, 698573.5535000004 3736111.545399999, 698226.8223999999 3736442.7788, 698224.8021999998 3736527.783, 698051.4126000004 3736693.538000001, 698049.4199000001 3736778.540999999, 697962.6780000003 3736861.2667, 697958.7478 3737031.2706, 697872.0066 3737114.023600001, 697856.0448000003 3737793.5427, 697335.8651000001 3738290.793500001, 697333.8722000001 3738375.822699999, 697073.79 3738624.319599999, 697066.8096000003 3738921.317500001, 700973.1052999999 3738921.317500001, 700973.1052999999 3734921.317500001))",107
108,0.0,0.0,0.0,73.4580294019,16000.0,16000000.0,"POLYGON ((704973.1052999999 3734921.317500001, 700973.1052999999 3734921.317500001, 700973.1052999999 3738921.317500001, 704973.1052999999 3738921.317500001, 704973.1052999999 3734921.317500001))",108
109,0.29357656776,0.0,0.0,55.2751427441,16000.0,16000000.0,"POLYGON ((708973.1052999999 3734921.317500001, 704973.1052999999 3734921.317500001, 704973.1052999999 3738921.317500001, 708973.1052999999 3738921.317500001, 708973.1052999999 3734921.317500001))",109
110,0.605996678735,0.0,0.0,34.1064503364,16000.0,16000000.0,"POLYGON ((712973.1052999999 3734921.317500001, 708973.1052999999 3734921.317500001, 708973.1052999999 3738921.317500001, 712973.1052999999 3738921.317500001, 712973.1052999999 3734921.317500001))",110
111,1.34763496488,0.0,0.6975,66.4333921357,16000.0,16000000.0,"POLYGON ((716973.1052999999 3734921.317500001, 712973.1052999999 3734921.317500001, 712973.1052999999 3738921.317500001, 716973.1052999999 3738921.317500001, 716973.1052999999 3734921.317500001))",111
112,0.425460036588,0.0,0.0,66.0849100406,15692.1814294,15580654.032,"POLYGON ((720973.1052999999 3737121.8586, 720973.1052999999 3734921.317500001, 716973.1052999999 3734921.317500001, 716973.1052999999 3738921.317500001, 720458.25 3738921.317500001, 720461.7312000003 3738773.214400001, 720548.4040999999 3738690.2149, 720550.4359999998 3738605.2009, 720637.0892000003 3738522.452, 720641.0980000002 3738352.453, 720727.7786999997 3738269.7028, 720733.7724000001 3738014.968499999, 720820.4720999999 3737931.966800001, 720828.4119999995 3737592.1916, 720915.1474000001 3737509.438300001, 720923.1151000001 3737169.6884, 720973.1052999999 3737121.8586))",112
113,0.0,0.0,0.0,50.9027217742,7986.50479601,1791866.03369,"POLYGON ((723275.5341999996 3734921.317500001, 720973.1052999999 3734921.317500001, 720973.1052999999 3737121.8586, 721009.8691999996 3737086.683499999, 721013.7736 3736916.935799999, 721100.5274 3736833.930500001, 721104.4877000004 3736664.2081, 721277.9197000004 3736498.449200001, 721279.8668 3736413.435900001, 721366.6004999997 3736330.680500001, 721368.6308000004 3736245.6642, 721975.4896 3735665.684, 722060.1846000003 3735667.694, 722233.5580000002 3735501.9321, 722318.2324999999 3735504.165100001, 722491.6897 3735338.426899999, 722576.3568000002 3735340.4375, 722749.7291000001 3735174.6734, 722834.4879000001 3735176.9307, 722921.1836000001 3735093.922800001, 723005.8783999998 3735095.9318, 723179.2593 3734930.4438, 723263.9254999999 3734932.4257, 723275.5341999996 3734921.317500001))",113
114,2.68074961307,36.4063296354,41.5056104743,69.1864799026,14848.8352917,12778272.4779,"POLYGON ((732973.1052999999 3734921.317500001, 729874.8574999999 3734921.317500001, 729872.8026000001 3735009.626, 729955.4775999999 3735096.6513, 729939.5458000004 3735776.1183, 729852.7873999998 3735858.886299999, 729820.9173999997 3737217.888900001, 729734.1934000002 3737300.903999999, 729718.2264999999 3737980.412699999, 729631.5756000001 3738063.146199999, 729623.5495999996 3738402.913699999, 729536.8797000004 3738485.925100001, 729528.9073000001 3738825.661599999, 729442.1719000004 3738908.396500001, 729441.8702999996 3738921.317500001, 732973.1052999999 3738921.317500001, 732973.1052999999 3734921.317500001))",114
115,0.983383731,49.1799200927,35.5938405887,74.7096699479,15963.1640497,15997992.6465,"POLYGON ((736973.1052999999 3734991.609999999, 736915.9910000004 3734921.317500001, 732973.1052999999 3734921.317500001, 732973.1052999999 3738921.317500001, 736973.1052999999 3738921.317500001, 736973.1052999999 3734991.609999999))",115
116,0.0,0.0,37.5719840579,72.0861618799,8991.79614829,2723571.89981,"POLYGON ((736973.1052999999 3734991.609999999, 736973.1052999999 3738921.317500001, 737916.2989999996 3738921.317500001, 737917.6763000004 3738858.0975, 737911.2994999997 3738409.5133, 737946.8404999999 3737960.203400001, 737889.9401000002 3737520.1392, 737769.2637999998 3737085.4309, 737669.4144000001 3736647.680299999, 737568.9611999998 3736209.3369, 737424.6335000005 3735784.5472, 737225.3202999998 3735380.8903, 736981.1629999997 3735001.526900001, 736973.1052999999 3734991.609999999))",116
117,0.205512658663,0.0,0.0,78.8212258797,14895.3840893,12671538.1234,"POLYGON ((700973.1052999999 3738921.317500001, 697066.8096000003 3738921.317500001, 697065.8047000002 3738964.0736, 696979.1163999997 3739046.8214, 696973.1052999999 3739301.824200001, 697055.8512000004 3739388.7982, 697051.8815000001 3739558.5483, 697134.5739000002 3739645.579500001, 697124.5636999998 3740070.3036, 697207.3109999998 3740157.305, 697197.3020000001 3740582.082699999, 697279.9930999996 3740669.0581, 697276.0524000004 3740838.8609, 697689.5488999998 3741274.068700001, 697774.2373000002 3741276.0998, 697857.0126 3741363.071900001, 697941.6818000004 3741365.353800001, 698024.3739999998 3741452.328600001, 698109.0340999998 3741454.332699999, 698274.4764 3741628.3358, 698359.1923000002 3741630.338, 698690.0597000001 3741978.5941, 698688.0560999997 3742063.3156, 698770.7514000004 3742150.3455, 698768.7560999999 3742235.3167, 698851.4505000003 3742322.3188, 698849.4294999996 3742407.3465, 698932.1787 3742494.318700001, 698928.1901000002 3742664.316500001, 699093.6085000001 3742838.346799999, 699432.4287999999 3742846.578600001, 699519.1204000004 3742763.8322, 699773.1886999998 3742769.8398, 699855.9206999997 3742857.090299999, 699940.6381000001 3742859.091800001, 699999.7434999999 3742921.317500001, 700973.1052999999 3742921.317500001, 700973.1052999999 3738921.317500001))",117
118,0.814423104726,0.0,0.0,91.3661262305,16575.8167328,15403123.1893,"POLYGON ((704973.1052999999 3738921.317500001, 700973.1052999999 3738921.317500001, 700973.1052999999 3742921.317500001, 703263.6930999998 3742921.317500001, 703330.7127999999 3742857.343499999, 703415.4039000003 3742859.3433, 703762.2028000001 3742527.808, 703846.9225000003 3742529.834100001, 703933.5837000003 3742447.055199999, 704018.3589000003 3742449.079299999, 704105.0487000002 3742366.327, 704528.5126999998 3742376.570900001, 704859.3260000004 3742724.7936, 704854.7260999996 3742921.317500001, 704973.1052999999 3742921.317500001, 704973.1052999999 3738921.317500001))",118
119,0.717274004763,0.0,0.135,55.4660314597,16000.0,16000000.0,"POLYGON ((708973.1052999999 3738921.317500001, 704973.1052999999 3738921.317500001, 704973.1052999999 3742921.317500001, 708973.1052999999 3742921.317500001, 708973.1052999999 3738921.317500001))",119
120,0.900278472193,0.0,0.86625,40.7930896402,16000.0,16000000.0,"POLYGON ((712973.1052999999 3738921.317500001, 708973.1052999999 3738921.317500001, 708973.1052999999 3742921.317500001, 712973.1052999999 3742921.317500001, 712973.1052999999 3738921.317500001))",120
121,1.21233219334,0.0,0.0115603568279,61.6392437697,15727.5553379,15570453.6356,"POLYGON ((716973.1052999999 3742439.5164, 716973.1052999999 3738921.317500001, 712973.1052999999 3738921.317500001, 712973.1052999999 3742921.317500001, 714818.2553000003 3742921.317500001, 714856.2950999998 3742885.0087, 715364.4922000002 3742897.536900001, 715537.8848999999 3742731.7542, 715622.5543999998 3742733.7733, 715709.3251 3742651.0319, 716641.0152000003 3742673.7544, 716727.7022000002 3742591.0145, 716812.4555000002 3742593.029899999, 716973.1052999999 3742439.5164))",121
122,1.13586431337,0.0,0.0,48.8962079111,14314.3429293,5495587.59915,"POLYGON ((720458.25 3738921.317500001, 716973.1052999999 3738921.317500001, 716973.1052999999 3742439.5164, 717072.5064000003 3742344.5309, 717074.5147000002 3742259.522399999, 717161.2001999998 3742176.753599999, 717175.1831 3741581.999500001, 717092.4392999997 3741495.0035, 717106.4570000004 3740900.494899999, 717193.1139000002 3740817.7532, 718209.5776000004 3740842.4945, 718469.6489000004 3740593.982799999, 718473.6348999999 3740423.9904, 718560.3454999998 3740341.216700001, 718564.3397000004 3740171.4735, 718737.7259 3740005.731699999, 719245.9483000003 3740018.2336, 719411.3291999996 3740192.229, 719496.1096000001 3740194.2403, 719578.7715999996 3740281.210999999, 719663.4698999999 3740283.252800001, 719746.1607999997 3740370.250499999, 719830.8935000002 3740372.4856, 719996.2768999999 3740546.508300001, 720165.7259999998 3740550.478399999, 720339.1206 3740384.9834, 720349.0997000001 3739960.231699999, 720266.3517000005 3739873.2083, 720282.3540000003 3739193.722899999, 720369.0552000003 3739110.723200001, 720371.0401999997 3739025.9614, 720457.7412 3738942.9615, 720458.25 3738921.317500001))",122
123,1.85304713821,0.0,33.5743595527,55.1668667467,5207.39585245,782740.172862,"POLYGON ((728973.1052999999 3740768.292099999, 728888.1255000001 3740849.453299999, 728884.0983999996 3741019.4298, 728797.4167999998 3741102.187000001, 728791.4179999996 3741357.177200001, 728704.7368999999 3741439.9617, 728702.7368000001 3741524.948899999, 728616.0544999996 3741607.7052, 728610.0547000002 3741862.6941, 728523.3720000004 3741945.449899999, 728517.3640999999 3742200.215600001, 728430.6616000002 3742283.221799999, 728418.6978000002 3742792.6932, 728331.9944000002 3742875.6985, 728330.9335000003 3742921.317500001, 728973.1052999999 3742921.317500001, 728973.1052999999 3740768.292099999))",123
124,1.8344902844,49.8186759724,26.8477627037,67.2943425076,15717.6825458,15507437.4202,"POLYGON ((732973.1052999999 3738921.317500001, 729441.8702999996 3738921.317500001, 729436.2257000003 3739163.1688, 729349.4715999998 3739246.1818, 729341.5526999999 3739585.9136, 729254.8450999996 3739668.6741, 729246.8430000003 3740008.435000001, 729160.1988000004 3740091.443, 729154.1661 3740346.187200001, 729067.4842999997 3740428.9177, 729063.4866000004 3740598.922, 728976.8054 3740681.6799, 728974.8059 3740766.6679, 728973.1052999999 3740768.292099999, 728973.1052999999 3742921.317500001, 732973.1052999999 3742921.317500001, 732973.1052999999 3738921.317500001))",124
125,1.43832442044,82.305,13.78125,80.6903474903,16000.0,16000000.0,"POLYGON ((736973.1052999999 3738921.317500001, 732973.1052999999 3738921.317500001, 732973.1052999999 3742921.317500001, 736973.1052999999 3742921.317500001, 736973.1052999999 3738921.317500001))",125
126,1.95769285893,42.979761159,12.5675876733,77.3054587689,9148.18710945,2592382.94945,"POLYGON ((737916.2989999996 3738921.317500001, 736973.1052999999 3738921.317500001, 736973.1052999999 3742921.317500001, 737060.5426000003 3742921.317500001, 737107.8721000003 3742788.734200001, 737262.8047000002 3742367.192, 737438.5191000002 3741953.6481, 737545.6003999999 3741517.813300001, 737646.0554999998 3741080.0591, 737739.8558999998 3740641.1929, 737817.5088 3740199.144300001, 737874.8233000003 3739754.0833, 737907.9034000002 3739306.698100001, 737916.2989999996 3738921.317500001))",126
127,0.0,0.0,0.0,61.6202531646,2372.52448048,223728.176885,"POLYGON ((700973.1052999999 3742921.317500001, 699999.7434999999 3742921.317500001, 700023.2785999998 3742946.095000001, 700107.9951999998 3742948.068700001, 700356.1130999997 3743209.099300001, 700973.1052999999 3743224.250800001, 700973.1052999999 3742921.317500001))",127
128,1.068106306,0.0,0.0,56.684810421,15146.5671891,3855287.40496,"MULTIPOLYGON (((701372.5669 3743234.0604, 701459.2585000005 3743151.312200001, 702475.7193 3743176.318499999, 702562.3743000003 3743093.3199, 702816.5109999999 3743099.569, 702903.2028999999 3743016.8467, 703072.6403999999 3743020.845000001, 703159.3311999999 3742938.0945, 703244.0221999995 3742940.0944, 703263.6930999998 3742921.317500001, 700973.1052999999 3742921.317500001, 700973.1052999999 3743224.250800001, 701372.5669 3743234.0604)), ((704973.1052999999 3746921.317500001, 704973.1052999999 3742921.317500001, 704854.7260999996 3742921.317500001, 704847.3989000004 3743234.355799999, 704500.5685999999 3743565.838500001, 704498.5772000002 3743650.8113, 704411.8870000001 3743733.590399999, 704401.9252000004 3744158.3419, 704228.5221999995 3744324.093800001, 704059.1278999997 3744319.816500001, 703799.0135000004 3744568.5953, 703791.0393000003 3744908.3431, 703873.7684000004 3744995.341600001, 703865.7668000003 3745335.116900001, 703779.1013000002 3745417.864499999, 703771.0701000001 3745757.611400001, 703936.5021000002 3745931.636600001, 703934.5092000002 3746016.6075, 704099.9418000001 3746190.6324, 704093.9578 3746445.377599999, 704007.2430999996 3746528.348099999, 704005.2796999998 3746613.3731, 703918.5573000005 3746696.121099999, 703916.5927999998 3746781.1182, 703829.8702999996 3746863.865900001, 703828.5212000003 3746921.317500001, 704973.1052999999 3746921.317500001)))",128
129,0.906053578801,0.0,0.691875,68.2126512588,16000.0,16000000.0,"POLYGON ((708973.1052999999 3742921.317500001, 704973.1052999999 3742921.317500001, 704973.1052999999 3746921.317500001, 708973.1052999999 3746921.317500001, 708973.1052999999 3742921.317500001))",129
130,1.55980211734,0.0,0.232955784718,50.420030349,15333.9727823,11976521.6536,"POLYGON ((712973.1052999999 3744767.980599999, 712973.1052999999 3742921.317500001, 708973.1052999999 3742921.317500001, 708973.1052999999 3746921.317500001, 710111.8091000002 3746921.317500001, 710186.5597999999 3746849.840700001, 710271.2374 3746852.0879, 710357.9496999998 3746769.0823, 710442.6468000002 3746771.078400001, 710529.3672000002 3746688.3225, 710614.0930000003 3746690.3453, 710700.7577999998 3746607.5908, 710785.4549000002 3746609.5866, 710958.8876999998 3746443.851, 710970.8246999998 3745934.341, 711057.5069000004 3745851.306600001, 711061.5169000002 3745681.579399999, 711148.1988000004 3745598.544500001, 711152.2372000003 3745428.843699999, 711325.5817999998 3745263.0516, 711327.5689000003 3745178.0768, 711414.2872000001 3745095.3178, 711499.0389999999 3745097.3105, 711585.7017000001 3745014.553200001, 711670.4256999996 3745016.546599999, 711843.7709999997 3744850.807800001, 712013.2285000002 3744855.072000001, 712099.8823999995 3744772.0637, 712438.7133999998 3744780.5657, 712521.4249 3744867.562799999, 712860.2208000002 3744875.8149, 712973.1052999999 3744767.980599999))",130
131,2.43822168274,0.0,0.0,39.703374778,6475.83109364,1520552.18454,"POLYGON ((714818.2553000003 3742921.317500001, 712973.1052999999 3742921.317500001, 712973.1052999999 3744767.980599999, 713120.3656000001 3744627.3083, 713122.2944999998 3744542.306299999, 713295.7479999997 3744376.531199999, 713297.7330999998 3744291.5548, 713817.8974000001 3743794.2863, 713902.6299000001 3743796.5275, 714162.6793 3743547.7938, 714164.6985999998 3743463.0375, 714338.1211999999 3743297.258300001, 714340.0494999997 3743212.282400001, 714600.1880999999 3742963.792099999, 714769.5535000004 3742967.803200001, 714818.2553000003 3742921.317500001))",131
132,1.59745075971,0.0583129071294,35.0169007312,61.56639483,12551.1698632,6173590.33741,"POLYGON ((728973.1052999999 3742921.317500001, 728330.9335000003 3742921.317500001, 728326.0691 3743130.4867, 728152.5968000004 3743296.220100001, 728150.6242000004 3743381.2325, 728063.9107999997 3743463.958900001, 728061.9380999999 3743548.971100001, 727975.2522 3743631.6964, 727973.2247000001 3743716.738, 727886.5395999998 3743799.490599999, 727862.6172000002 3744818.997099999, 727775.9298999999 3744901.7204, 727771.9187000003 3745071.494100001, 727685.2402999997 3745154.4948, 727683.2379000001 3745239.478700001, 727596.5240000002 3745322.2577, 727594.5492000002 3745407.240599999, 727334.4122000001 3745655.742900001, 727249.7359999996 3745653.759, 727163.0207000002 3745736.509299999, 727078.3435000004 3745734.497500001, 726991.6835000003 3745817.2456, 726822.2471000003 3745813.2522, 726735.5312999999 3745896.001700001, 726650.8552999999 3745894.0173, 726217.3471999997 3746308.259299999, 726202.9545999998 3746921.317500001, 728973.1052999999 3746921.317500001, 728973.1052999999 3742921.317500001))",132
133,1.28993631634,65.73375,18.511875,65.3239181604,16000.0,16000000.0,"POLYGON ((732973.1052999999 3742921.317500001, 728973.1052999999 3742921.317500001, 728973.1052999999 3746921.317500001, 732973.1052999999 3746921.317500001, 732973.1052999999 3742921.317500001))",133
134,1.17578737971,72.4666108587,26.7511836671,81.641787497,15256.1255156,14042743.1053,"POLYGON ((736973.1052999999 3743166.254000001, 736973.1052999999 3742921.317500001, 732973.1052999999 3742921.317500001, 732973.1052999999 3746921.317500001, 736117.1123000002 3746921.317500001, 736127.4681000002 3746694.053099999, 736174.3387000002 3746247.711200001, 736251.4653000003 3745805.906099999, 736351.6884000003 3745368.1844, 736452.3373999996 3744930.7795, 736556.1206 3744494.0449, 736661.9116000002 3744057.546, 736778.1188000003 3743624.168400001, 736956.9029999999 3743211.6412, 736973.1052999999 3743166.254000001))",134
135,0.0,50.4282049588,16.8094016529,78.0,592.449116906,10708.2931158,"POLYGON ((737060.5426000003 3742921.317500001, 736973.1052999999 3742921.317500001, 736973.1052999999 3743166.254000001, 737060.5426000003 3742921.317500001))",135
136,1.3039628821,0.0,1.4251070858,52.918057211,7752.90437463,3094504.29652,"POLYGON ((704973.1052999999 3746921.317500001, 703828.5212000003 3746921.317500001, 703821.8924000002 3747203.606699999, 703735.2054000003 3747286.6029, 703733.2137000002 3747371.628, 703646.5181999998 3747454.3739, 703644.5245000003 3747539.3434, 703557.8287000004 3747622.089, 703555.8367999997 3747707.1138, 703295.7021000003 3747955.628799999, 703289.7142000003 3748210.368799999, 703203.0257999999 3748293.363, 703285.7564000003 3748380.388499999, 703283.7631000001 3748465.3848, 703449.1392999999 3748639.3826, 703533.8893999998 3748641.3551, 703616.5647999998 3748728.382099999, 703701.2410000004 3748730.635, 703783.9435000001 3748817.633199999, 703868.6946999999 3748819.633300001, 703951.3975 3748906.6315, 704120.7421000004 3748910.8869, 704203.5285 3748997.882099999, 704372.8929000003 3749001.886399999, 704786.4482000005 3749437.1525, 704871.1438999996 3749439.1261, 704973.1052999999 3749546.378599999, 704973.1052999999 3746921.317500001))",136
137,1.21250363907,0.0,0.545025924457,24.0659976494,13466.417074,10072915.3489,"POLYGON ((708973.1052999999 3749284.7541, 708973.1052999999 3746921.317500001, 704973.1052999999 3746921.317500001, 704973.1052999999 3749546.378599999, 705036.5811000001 3749613.1483, 705205.9544000002 3749617.374, 705288.659 3749704.3715, 705881.5844999999 3749718.905099999, 705968.2810000004 3749636.1314, 706137.7309999997 3749640.130799999, 706224.4283999996 3749557.384500001, 706478.5010000002 3749563.636399999, 706565.2445 3749480.6099, 706988.7216999996 3749491.138599999, 707071.4007000001 3749578.136499999, 707158.1169999996 3749495.1381, 707412.2185000004 3749501.3869, 707759.051 3749170.1138, 707843.7209999999 3749172.1139, 707930.4365999997 3749089.1141, 708353.9433000004 3749099.6358, 708436.5958000002 3749186.634500001, 708775.4243000001 3749194.877599999, 708858.1606999999 3749281.873400001, 708973.1052999999 3749284.7541))",137
138,0.0,0.0,0.0,37.9642620781,6520.90415617,1363280.1225,"POLYGON ((710111.8091000002 3746921.317500001, 708973.1052999999 3746921.317500001, 708973.1052999999 3749284.7541, 709196.9983999999 3749290.3652, 709370.3541999999 3749124.615, 709376.3584000003 3748869.8956, 709463.0722000003 3748786.865700001, 709480.9874 3748022.372300001, 709567.6819000002 3747939.620100001, 709575.6705999998 3747599.8421, 709662.3848000001 3747516.866, 709666.3973000003 3747347.1149, 709753.0826000003 3747264.111500001, 709755.0779999997 3747179.3334, 709928.4293999998 3747013.604599999, 710013.2098000003 3747015.5984, 710111.8091000002 3746921.317500001))",138
139,2.47992467876,0.311985632156,30.874578136,56.2645334013,12287.9668072,7500345.39678,"POLYGON ((728973.1052999999 3746921.317500001, 726202.9545999998 3746921.317500001, 726193.4178999998 3747327.536900001, 726276.0911999997 3747414.5316, 726272.1672999999 3747584.547, 726354.841 3747671.5416, 726350.8510999996 3747841.2531, 726516.3107000003 3748015.266100001, 726512.3033999996 3748185.283600001, 726594.9496999998 3748272.278999999, 726592.9737 3748357.286699999, 726675.6758000003 3748444.279999999, 726673.6442999998 3748529.2895, 726756.4296000004 3748616.279999999, 726754.4175000004 3748701.0385, 726919.8583000004 3748875.2739, 726917.8739 3748960.031400001, 727165.9912999999 3749221.2882, 727163.9791999999 3749306.046499999, 727577.5044999998 3749741.2884, 727662.2116999999 3749743.273, 727744.9440000001 3749830.2926, 727742.9404999996 3749915.3007, 728239.1662999997 3750437.283399999, 728237.1906000003 3750522.2903, 728319.8684 3750609.3115, 728317.8918000003 3750694.2905, 728400.6253000004 3750781.309599999, 728397.3353000004 3750921.317500001, 728973.1052999999 3750921.317500001, 728973.1052999999 3746921.317500001))",139
140,1.29937350423,50.56875,33.744375,73.1972405519,16000.0,16000000.0,"POLYGON ((732973.1052999999 3746921.317500001, 728973.1052999999 3746921.317500001, 728973.1052999999 3750921.317500001, 732973.1052999999 3750921.317500001, 732973.1052999999 3746921.317500001))",140
141,1.04990497017,80.9083116228,16.1855023014,82.7213500785,15285.0681686,14062584.8838,"POLYGON ((736973.1052999999 3750356.894200001, 736882.5284000002 3750165.895300001, 736737.7629000004 3749740.8847, 736587.3227000004 3749317.399499999, 736422.9562999997 3748898.860200001, 736268.8207 3748476.220699999, 736181.0766000003 3748036.6011, 736129.7152000004 3747590.273600001, 736107.0411 3747142.336100001, 736117.1123000002 3746921.317500001, 732973.1052999999 3746921.317500001, 732973.1052999999 3750921.317500001, 736973.1052999999 3750921.317500001, 736973.1052999999 3750356.894200001))",141
142,0.0,100.0,0.0,0.0,1536.37222961,84897.2761689,"POLYGON ((736973.1052999999 3750356.894200001, 736973.1052999999 3750921.317500001, 737294.4894000003 3750921.317500001, 737075.5274 3750572.871099999, 736973.1052999999 3750356.894200001))",142
143,3.21825416198,0.187229424611,76.5019428961,55.8867138692,9821.92218261,2403468.37007,"POLYGON ((728973.1052999999 3750921.317500001, 728397.3353000004 3750921.317500001, 728396.6366999997 3750951.0463, 728479.3147999998 3751038.0671, 728475.3345999997 3751208.053300001, 728558.0127999997 3751295.074100001, 728550.0712000001 3751634.7949, 728632.7496999996 3751721.8157, 728616.8112000003 3752401.3113, 728530.1253000004 3752484.331700001, 728526.1076999996 3752654.0668, 728439.4491999997 3752737.085899999, 728435.4313000003 3752906.820499999, 728348.7363 3752989.5901, 728340.7642999999 3753329.334100001, 728254.0762999998 3753412.325200001, 728248.0804000003 3753667.063200001, 728161.3651000001 3753750.0825, 728143.4584999997 3754514.317, 728056.6867000004 3754597.3369, 728049.0943999998 3754921.317500001, 728973.1052999999 3754921.317500001, 728973.1052999999 3750921.317500001))",143
144,1.14702695062,36.928125,39.09375,72.5264788732,16000.0,16000000.0,"POLYGON ((732973.1052999999 3750921.317500001, 728973.1052999999 3750921.317500001, 728973.1052999999 3754921.317500001, 732973.1052999999 3754921.317500001, 732973.1052999999 3750921.317500001))",144
145,1.01824133238,90.61875,5.495625,82.592445328,16000.0,16000000.0,"POLYGON ((736973.1052999999 3750921.317500001, 732973.1052999999 3750921.317500001, 732973.1052999999 3754921.317500001, 736973.1052999999 3754921.317500001, 736973.1052999999 3750921.317500001))",145
146,1.96164519805,91.9120029998,4.99719272933,82.0516605166,10832.6523449,4952780.75923,"POLYGON ((737294.4894000003 3750921.317500001, 736973.1052999999 3750921.317500001, 736973.1052999999 3754921.317500001, 739079.8779999996 3754921.317500001, 738919.1492999997 3754647.3079, 738706.9068 3754250.248500001, 738516.7632999998 3753842.405099999, 738355.9349999996 3753422.6164, 738253.3158999998 3752985.457699999, 738123.0240000002 3752556.1556, 737960.5867999997 3752136.445900001, 737784.1744999997 3751722.7125, 737561.3006999996 3751331.7344, 737314.9940999998 3750953.947799999, 737294.4894000003 3750921.317500001))",146
147,0.0,0.0,0.0,51.3658536585,1933.26648405,80123.1321483,"POLYGON ((724973.1052999999 3756963.1523, 724949.5427000001 3756985.622500001, 724945.6094000004 3757155.649800001, 724858.8520999998 3757238.384, 724846.9285000004 3757748.134500001, 724973.1052999999 3757880.8741, 724973.1052999999 3756963.1523))",147
148,1.56043636199,0.59838927805,51.64194452,59.0713574841,14873.9184833,9475437.15769,"POLYGON ((728973.1052999999 3754921.317500001, 728049.0943999998 3754921.317500001, 728044.7468999997 3755106.8323, 727958.0586999999 3755189.876399999, 727954.0656000003 3755359.605900001, 727867.3751999997 3755442.5941, 727861.3766000001 3755697.354699999, 727688.0151000004 3755863.1066, 727685.9819999998 3755948.138800001, 727425.8642999995 3756196.6283, 727341.1803000001 3756194.639599999, 727167.8173000002 3756360.389, 727083.1239 3756358.122199999, 726996.3487999998 3756441.1109, 726911.6842 3756438.8708, 726825.0199999996 3756521.8554, 725723.8437000001 3756494.8586, 725637.1716999998 3756577.6195, 725467.7207000004 3756573.6139, 725381.0206000004 3756656.375299999, 725211.6723999996 3756652.115599999, 725038.2240000004 3756817.861500001, 725036.2995999996 3756902.8879, 724973.1052999999 3756963.1523, 724973.1052999999 3757880.8741, 725012.3349000001 3757922.144200001, 725097.0467999997 3757924.1347, 725179.7506999997 3758011.1534, 725349.1842 3758015.411499999, 725435.8570999997 3757932.625, 725605.2545999996 3757936.6337, 725691.9291000003 3757853.9023, 726369.5630999999 3757870.377599999, 726452.2407 3757957.397, 726536.9895000001 3757959.635299999, 726619.6942999996 3758046.6259, 726704.3514999999 3758048.617000001, 726869.7911999999 3758222.6527, 726954.5125000002 3758224.891899999, 727119.9241000004 3758398.9004, 727117.9358000001 3758483.650800001, 727366.0621999996 3758744.899599999, 727364.0450999998 3758829.623, 727451.1595999999 3758921.317500001, 728973.1052999999 3758921.317500001, 728973.1052999999 3754921.317500001))",148
149,1.12521143905,71.634375,15.103125,75.6525876073,16000.0,16000000.0,"POLYGON ((732973.1052999999 3754921.317500001, 728973.1052999999 3754921.317500001, 728973.1052999999 3758921.317500001, 732973.1052999999 3758921.317500001, 732973.1052999999 3754921.317500001))",149
150,1.08738572853,85.674375,9.905625,82.3509933775,16000.0,16000000.0,"POLYGON ((736973.1052999999 3754921.317500001, 732973.1052999999 3754921.317500001, 732973.1052999999 3758921.317500001, 736973.1052999999 3758921.317500001, 736973.1052999999 3754921.317500001))",150
151,1.64437597417,90.018655628,5.27594834834,81.1617873652,13152.4279725,10166892.5582,"POLYGON ((739079.8779999996 3754921.317500001, 736973.1052999999 3754921.317500001, 736973.1052999999 3758921.317500001, 739919.9271 3758921.317500001, 739812.4820999997 3758574.5001, 739747.0016999999 3758130.652899999, 739652.3717999998 3757692.153000001, 739554.8781000003 3757254.4714, 739501.2317000004 3756808.747199999, 739429.4945 3756365.7173, 739341.6464999998 3755925.565400001, 739246.0635000002 3755486.868799999, 739147.0329 3755035.802999999, 739079.8779999996 3754921.317500001))",151
152,1.94202048002,0.0,60.3083313452,54.2161583735,7256.18367885,1826613.29775,"POLYGON ((728973.1052999999 3758921.317500001, 727451.1595999999 3758921.317500001, 727777.5872999998 3759264.9068, 727775.6350999996 3759349.905999999, 727941.0215999996 3759523.9146, 727939.0045999996 3759608.637800001, 728104.4556 3759782.894200001, 728102.4672999997 3759867.644099999, 728185.1188000003 3759954.6358, 728183.1676000003 3760039.6624, 728348.5822999999 3760213.641799999, 728346.6032999996 3760298.6691, 728429.2829999998 3760385.659700001, 728427.2753999997 3760470.6601, 728510.0108000003 3760557.648700001, 728506.0425000004 3760727.397700001, 728588.6957 3760814.4168, 728584.7357000001 3760984.4153, 728750.125 3761158.422700001, 728748.1448999997 3761243.421800001, 728973.1052999999 3761480.0437, 728973.1052999999 3758921.317500001))",152
153,1.57883493527,34.8577227342,48.3337677535,66.0614836909,15378.5100077,15300483.1689,"POLYGON ((732973.1052999999 3758921.317500001, 728973.1052999999 3758921.317500001, 728973.1052999999 3761480.0437, 729078.9797 3761591.406400001, 729076.9720000001 3761676.406400001, 729242.3914999999 3761850.440099999, 729240.4106000001 3761935.4111, 729405.8574999999 3762109.415999999, 729403.8498 3762194.4156, 729569.2139999997 3762368.4231, 729567.2339000003 3762453.421700001, 729898.1304000001 3762801.430299999, 729982.7927000001 3762803.421399999, 730094.8673999999 3762921.317500001, 732973.1052999999 3762921.317500001, 732973.1052999999 3758921.317500001))",153
154,0.998642169682,67.651875,29.086875,79.3609195402,16000.0,16000000.0,"POLYGON ((736973.1052999999 3758921.317500001, 732973.1052999999 3758921.317500001, 732973.1052999999 3762921.317500001, 736973.1052999999 3762921.317500001, 736973.1052999999 3758921.317500001))",154
155,1.9729351671,77.5342152221,13.9234417736,79.3217115689,15123.4921996,14414539.3979,"POLYGON ((740973.1052999999 3762039.7326, 740956.3070999999 3761978.375499999, 740854.3172000004 3761540.9123, 740707.0032000002 3761117.2377, 740538.199 3760700.1534, 740378.5201000003 3760279.952400001, 740246.1661999999 3759850.5712, 740098.2282999996 3759426.4967, 739945.4398999996 3759003.669399999, 739919.9271 3758921.317500001, 736973.1052999999 3758921.317500001, 736973.1052999999 3762921.317500001, 740973.1052999999 3762921.317500001, 740973.1052999999 3762039.7326))",155
156,0.0,0.0,11.4602577377,82.5161290323,1975.16192019,94238.7182489,"POLYGON ((740973.1052999999 3762039.7326, 740973.1052999999 3762921.317500001, 741163.6648000004 3762921.317500001, 741154.8183000004 3762852.731899999, 741075.0142000001 3762411.9652, 740973.1052999999 3762039.7326))",156
157,1.02009271535,0.791213003661,60.0332866528,66.1722745626,13275.3736584,6369966.08585,"POLYGON ((732973.1052999999 3762921.317500001, 730094.8673999999 3762921.317500001, 730230.9254000001 3763064.442600001, 730315.6242000004 3763066.682600001, 730729.2083000001 3763501.679199999, 730813.8723999998 3763503.697799999, 730979.3229999999 3763677.6734, 730977.3156000003 3763762.672700001, 731060.0004000003 3763849.6896, 731058.0208000001 3763934.687899999, 731223.4176000003 3764108.6928, 731221.4380000001 3764193.691, 731634.9457999999 3764628.688200001, 731632.9385000002 3764713.687200001, 731715.6798999999 3764800.7018, 731783.5620999997 3765117.1831, 731865.1339999996 3765204.9597, 731840.5138999997 3765884.206499999, 731752.8064999999 3765966.219599999, 731746.6978000002 3766135.9802, 731658.9337999998 3766217.9669, 731655.8695999999 3766302.9725, 731568.1052999999 3766384.959000001, 731565.0324999997 3766469.714400001, 731477.3799999999 3766551.7245, 731474.2323000003 3766636.7326, 731471.1955000004 3766721.7367, 731552.7664999999 3766809.485300001, 731548.7169000003 3766921.317500001, 732973.1052999999 3766921.317500001, 732973.1052999999 3762921.317500001))",157
158,1.32905491552,27.804375,45.500625,70.9276126558,16000.0,16000000.0,"POLYGON ((736973.1052999999 3762921.317500001, 732973.1052999999 3762921.317500001, 732973.1052999999 3766921.317500001, 736973.1052999999 3766921.317500001, 736973.1052999999 3762921.317500001))",158
159,2.75073287794,80.589375,10.186875,78.6311010216,16000.0,16000000.0,"POLYGON ((740973.1052999999 3762921.317500001, 736973.1052999999 3762921.317500001, 736973.1052999999 3766921.317500001, 740973.1052999999 3766921.317500001, 740973.1052999999 3762921.317500001))",159
160,1.79510810266,17.381684125,23.2617334015,81.4605377277,8404.87220082,1392845.47032,"POLYGON ((741163.6648000004 3762921.317500001, 740973.1052999999 3762921.317500001, 740973.1052999999 3766921.317500001, 741140.2737999996 3766921.317500001, 741159.1139000002 3766845.8807, 741272.2478 3766411.1654, 741361.1975999996 3765971.6745, 741409.8092999998 3765525.7282, 741414.2615 3765077.07, 741410.1941999998 3764628.0857, 741368.0094999997 3764182.414100001, 741286.4771999996 3763740.653000001, 741212.2553000003 3763298.032600001, 741163.6648000004 3762921.317500001))",160
161,1.14407659557,0.0,33.7135957515,64.8492146597,7339.56277153,2773658.45783,"POLYGON ((732973.1052999999 3766921.317500001, 731548.7169000003 3766921.317500001, 731531.2396999998 3767403.965600001, 731612.8118000003 3767491.741800001, 731606.7015000004 3767661.4999, 731688.2534999996 3767749.4991, 731682.0311000003 3767919.232999999, 731763.6312999995 3768007.0079, 731757.4737 3768177.0174, 731839.0729999999 3768264.764599999, 731832.9336999999 3768434.495100001, 731914.4869999997 3768522.5217, 731911.4403999997 3768607.247099999, 731992.9929 3768695.2458, 731989.8732000003 3768780.279300001, 732397.7791999998 3769219.5175, 732567.0082999999 3769225.2849, 732811.7717000004 3769489.026799999, 732973.1052999999 3769494.523, 732973.1052999999 3766921.317500001))",161
162,1.16600663519,2.112651335,14.9230007936,75.09423244,15178.4595596,14058164.5007,"POLYGON ((736973.1052999999 3766921.317500001, 732973.1052999999 3766921.317500001, 732973.1052999999 3769494.523, 732981.0294000003 3769494.793, 733062.5833000001 3769582.7914, 733147.2770999996 3769585.533299999, 733228.8313999996 3769673.5316, 733313.4502999997 3769676.5261, 733394.9972999999 3769764.302200001, 733479.6431999998 3769767.267999999, 733561.1904999996 3769855.044, 733730.5132999998 3769861.057600001, 733812.0590000004 3769948.778100001, 733896.7071000002 3769951.7992, 733978.2614000002 3770039.7695, 734147.5765000004 3770045.5328, 734229.1597999996 3770133.529999999, 734313.7712000003 3770136.274, 734395.3278999999 3770224.299799999, 734564.6436000001 3770230.0627, 734646.2275 3770318.059599999, 734730.8198999995 3770321.054400001, 734812.4232999999 3770408.8005, 734897.0991000002 3770411.792400001, 735223.3657 3770763.309800001, 735307.9501 3770766.054400001, 735452.0754000004 3770921.317500001, 736973.1052999999 3770921.317500001, 736973.1052999999 3766921.317500001))",162
163,1.6146462616,86.6291713611,8.1409863067,76.3514376997,15812.7506514,15864171.1378,"POLYGON ((740973.1052999999 3769149.849199999, 740973.1052999999 3768869.524599999, 740964.2423 3768623.581900001, 740973.1052999999 3768383.1744, 740973.1052999999 3766921.317500001, 736973.1052999999 3766921.317500001, 736973.1052999999 3770921.317500001, 740767.8743000003 3770921.317500001, 740790.2280999999 3770851.2587, 740889.7423999999 3770412.962300001, 740908.3503999999 3769965.683, 740938.4900000002 3769518.236199999, 740973.1052999999 3769149.849199999))",163
164,15.9588815472,23.8292760068,39.7154600114,78.0,3666.13273476,79314.2015502,"MULTIPOLYGON (((741140.2737999996 3766921.317500001, 740973.1052999999 3766921.317500001, 740973.1052999999 3768383.1744, 740980.7614000002 3768175.503900001, 741005.6960000005 3767727.1962, 741050.2695000004 3767281.700300001, 741140.2737999996 3766921.317500001)), ((740980.4069999997 3769072.142200001, 740973.1052999999 3768869.524599999, 740973.1052999999 3769149.849199999, 740980.4069999997 3769072.142200001)))",164
165,2.75556908235,5.1019030068,42.0299628655,69.7519582245,3505.66300057,370450.006102,"POLYGON ((736973.1052999999 3770921.317500001, 735452.0754000004 3770921.317500001, 735471.1124999998 3770941.8258, 735555.7880999995 3770944.7897, 735637.3658999996 3771032.564300001, 735721.9868999999 3771035.557700001, 735803.5445999997 3771123.555299999, 735972.8629999999 3771129.317, 736054.4210000001 3771217.3146, 736477.6046000002 3771232.055299999, 736478.0820000004 3771218.973300001, 736774.9358999999 3771245.4662, 736973.1052999999 3771246.622300001, 736973.1052999999 3770921.317500001))",165
166,1.53682554024,94.4675452333,1.43191281181,78.0,8602.43654551,2325560.58758,"POLYGON ((740767.8743000003 3770921.317500001, 736973.1052999999 3770921.317500001, 736973.1052999999 3771246.622300001, 737230.7728000004 3771248.125499999, 737902.0637999997 3771278.231899999, 738356.6668999996 3771334.1943, 738717.7624000004 3771605.612400001, 739124.9720999999 3771782.4309, 739581.9879999999 3771853.738299999, 740036.8225999996 3771910.578299999, 740409.7478999998 3771662.6143, 740652.1305999998 3771284.0681, 740767.8743000003 3770921.317500001))",166
